isbn,title,authors,publisher,language,published_year,total_pages,cover_url,synopsis,genre_id
9786020667188,Atomic Habits,James Clear,Penguin Random House,English,2018,322,https://covers.openlibrary.org/b/id/12539702-M.jpg,"No matter your goals, Atomic Habits offers a proven framework for improving every day. James Clear, one of the world's leading experts on habit formation, reveals practical strategies that will teach you exactly how to form good habits, break bad ones, and master the tiny behaviors that lead to remarkable results.",11
9786026486578,The Psychology of Money,Morgan Housel,HarperCollins,English,2020,289,https://covers.openlibrary.org/b/id/10389354-M.jpg,"Timeless lessons on wealth, greed, and happiness doing well with money isn't necessarily about what you know. It's about how you behave. And behavior is hard to teach, even to really smart people. How to manage money, invest it, and make business decisions are typically considered to involve a lot of mathematical calculations, where data and formulae tell us exactly what to do. But in the real world, people don't make financial decisions on a spreadsheet.",12
9780759581371,"Rich Dad, Poor Dad",Robert T. Kiyosaki|Sharon L. Lechter,Penguin Random House Grupo Editorial (USA) LLC,English,1997,241,https://covers.openlibrary.org/b/id/8315603-M.jpg,"April of 2022 marks a 25-year milestone for the personal finance classic Rich Dad Poor Dad that still ranks as the #1 Personal Finance book of all time. While so much in our world is changing at high speed, the lessons about money and the principles of Rich Dad Poor Dad haven't changed. Today, as money continues to play a key role in our daily lives, the book's timeless wisdom about building wealth and financial independence remains as relevant as ever.",12
9780374275631,"Thinking, Fast and Slow",Daniel Kahneman,Penguin Group,English,2011,528,https://covers.openlibrary.org/b/id/13290711-M.jpg,"In his mega bestseller, Thinking, Fast and Slow, Daniel Kahneman, world-famous psychologist and winner of the Nobel Prize in Economics, takes us on a groundbreaking tour of the mind and explains the two systems that drive the way we think. System 1 is fast, intuitive, and emotional; System 2 is slower, more deliberative, and more logical. The impact of overconfidence on corporate strategies and the profound effect of cognitive biases on everything from playing the stock market to planning a vacation are explored in depth.",11
9782226479822,Sapiens,Yuval Noah Harari,HarperCollins Publishers,English,2011,456,https://covers.openlibrary.org/b/id/8634250-M.jpg,"From a renowned historian comes a groundbreaking narrative of humanity's creation and evolution—a #1 international bestseller—that explores the ways in which biology and history have defined us and enhanced our understanding of what it means to be human. One hundred thousand years ago, at least six different species of humans inhabited Earth. Yet today there is only one—homo sapiens. What happened to the others? And what may happen to us? Most books about the history of humanity pursue either a biological or a social angle, but Harari combines both.",14
9788845298752,Homo Deus,Yuval Noah Harari,Edicions 62,English,2017,548,https://covers.openlibrary.org/b/id/14421556-M.jpg,"Homo Deus explores the projects, dreams and nightmares that will shape the twenty-first century—from overcoming death to creating artificial life. It asks the fundamental questions: Where do we go from here? And how will we protect this fragile world from our own destructive powers? This is the next stage of evolution. This is Homo Deus.",13
9781602529274,The Power of Now,Eckhart Tolle,Namaste Publishing,English,1997,224,https://covers.openlibrary.org/b/id/551262-M.jpg,"Eckhart Tolle has emerged as one of today's most inspiring teachers. In The Power of Now, already a worldwide bestseller, the author describes his transition from despair to self-realization soon after his 29th birthday. Tolle shows readers how to recognize themselves as the creators of their own pain and how to have a pain-free identity by living fully in the present. The role of thoughts, emotions, and unobserved mental-noise are explained with great insight.",15
9781416502494,The 7 Habits of Highly Effective People,Stephen R. Covey|Sean Covey,Simon & Schuster (Trade Division),English,1989,374,https://covers.openlibrary.org/b/id/10079937-M.jpg,"New York Times bestseller—over 40 million copies sold. One of the most inspiring and impactful books ever written, The 7 Habits of Highly Effective People has captivated readers for nearly three decades. It has transformed the lives of presidents and CEOs, educators and parents—millions of people of all ages and occupations. Now, this 30th anniversary edition commemorates the wisdom of the 7 Habits with modern additions from Sean Covey.",11
9781780333939,Mindset,Carol S. Dweck,Random House,English,2006,288,https://covers.openlibrary.org/b/id/746414-M.jpg,"Mindset is one of those rare books that can help you make positive changes in your life and at the same time see the world in a new way. A leading expert in motivation and personality psychology, Carol Dweck has discovered in more than twenty years of research that our mindset is not a minor personality quirk: it creates our whole mental world. It explains how we become optimistic or pessimistic. It shapes our goals, our attitude toward work and relationships, and how we raise our kids.",11
9783864149351,Deep Work,Cal Newport,Grand Central Publishing,English,2016,303,https://covers.openlibrary.org/b/id/7988607-M.jpg,"One of the most valuable skills in our economy is becoming increasingly rare. If you master this skill, you'll achieve extraordinary results. Deep work is the ability to focus without distraction on a cognitively demanding task. It's a skill that allows you to quickly master complicated information and produce better results in less time. Deep work will make you better at what you do and provide the sense of true fulfillment that comes from craftsmanship.",11
9789389012996,The Subtle Art of Not Giving a F*ck,Mark Manson,Harper Paperbacks,English,2016,224,https://covers.openlibrary.org/b/id/8231990-M.jpg,"In this book, blogger and former internet entrepreneur Mark Manson explains in simple, no-expletives-barred terms how to achieve happiness by caring more about fewer things and not caring at all about more. He explains how the metrics we use to define ourselves may be the very things holding us back. By redefining our metrics, questioning ourselves and doubting everything, we may be able to find that we're better off than we think, and thereby become happier people.",11
9781544512280,Can't Hurt Me,David Goggins,Lioncrest Publishing,English,2018,364,https://covers.openlibrary.org/b/id/8305903-M.jpg,"For David Goggins, childhood was a nightmare—poverty, prejudice, and physical abuse colored his days and haunted his nights. But through self-discipline, mental toughness, and hard work, Goggins transformed himself from a depressed, overweight young man with no future into a US Armed Forces icon and one of the world's top endurance athletes. The only man in history to complete elite training as a Navy SEAL, Army Ranger, and Air Force tactical air controller, he went on to set records in numerous endurance events.",9
9786160834556,Educated,Tara Westover,Random House Audio,English,2018,388,https://covers.openlibrary.org/b/id/8314077-M.jpg,"Educated is a 2018 memoir by the American author Tara Westover. Westover recounts overcoming her survivalist Mormon family in order to go to college, and emphasizes the importance of education in enlarging her world. She details her journey from her isolated life in the mountains of Idaho to completing a PhD program in history at Cambridge University. She started college at the age of 17 having had no formal education and explores her struggle to reconcile her desire to learn with the world she'd left behind.",9
9788418594373,Becoming,Michelle Obama,"Penguin Books, Limited",English,2018,464,https://covers.openlibrary.org/b/id/8824664-M.jpg,"In a life filled with meaning and accomplishment, Michelle Obama has emerged as one of the most iconic and compelling women of our era. As First Lady of the United States of America—the first African American to serve in that role—she helped create the most welcoming and inclusive White House in history, while also establishing herself as a powerful advocate for women and girls in the US and around the world, dramatically changing the ways that families pursue healthier and more active lives.",10
9781446490549,Man's Search for Meaning,Viktor E. Frankl,Penguin Random House,English,1946,192,https://covers.openlibrary.org/b/id/465226-M.jpg,"Man's Search for Meaning is a 1946 book by Viktor Frankl chronicling his experiences as a prisoner in Nazi concentration camps during World War II, and describing his psychotherapeutic method, which involved identifying a purpose in life to feel positive about, and then immersively imagining that outcome. According to Frankl, the way a prisoner imagined the future affected his longevity. The book has been described as one of the most influential works in psychiatry.",15
9780007423200,The Alchemist,Paulo Coelho,HarperCollins,English,1988,208,https://covers.openlibrary.org/b/id/11556106-M.jpg,"Paulo Coelho's masterpiece tells the mystical story of Santiago, an Andalusian shepherd boy who yearns to travel in search of a worldly treasure as extravagant as any ever found. The story of the young shepherd's journey teaches us, as only a few stories have done, about the essential wisdom of listening to our hearts, of recognizing opportunity and learning to read the omens strewn along life's path, and, most importantly, to follow our dreams.",7
9780297859390,Gone Girl,Gillian Flynn,Crown,English,2011,475,https://covers.openlibrary.org/b/id/8368314-M.jpg,"On a warm summer morning in North Carthage, Missouri, it is Nick and Amy Dunne's fifth wedding anniversary. Presents are being wrapped and reservations are being made when Nick's clever and beautiful wife disappears from their rented McMansion on the Mississippi River. Husband-of-the-Year Nick isn't doing himself any favors with cringe-worthy daydreams about the slope and shape of his wife's head, but passages from Amy's diary reveal the alpha-girl perfectionist behind the wife and victims mask.",6
9781906694661,The Girl with the Dragon Tattoo,Stieg Larsson,Vintage Crime / Black Lizard,English,2005,542,https://covers.openlibrary.org/b/id/10871094-M.jpg,"Harriet Vanger, a scion of one of Sweden's wealthiest families, disappeared over forty years ago. All these years later, her aged uncle continues to seek the truth. He hires Mikael Blomkvist, a crusading journalist recently humiliated by a libel conviction, to investigate. He is aided by the piercing talent of a tattooed, truculent computer hacker named Lisbeth Salander. Together they tap into a vein of unfathomable iniquity and astonishing corruption.",5
9782709628532,The Da Vinci Code,Dan Brown,Penguin Random House,English,2003,489,https://covers.openlibrary.org/b/id/9255229-M.jpg,"The Da Vinci Code is a mystery thriller novel by Dan Brown. It follows symbologist Robert Langdon and cryptologist Sophie Neveu after a murder in the Louvre Museum in Paris causes them to become involved in a battle between the Priory of Sion and Opus Dei over the possibility of Jesus Christ and Mary Magdalene having had a child together. The novel explores an alternative religious history, whose central plot point is that the Holy Grail is not a chalice, but a woman.",6
9781405862417,1984,George Orwell,Pearson Education ESL,English,1949,328,https://covers.openlibrary.org/b/id/8745958-M.jpg,"Winston Smith lives in a society where the government controls people every second of the day. He works at the Ministry of Truth, where his job is to rewrite history to match current party doctrine. He fights this world with love. But it is dangerous: love for another person can be punished by death, and Big Brother is always watching. Orwell's classic story shows that there is no freedom unless ideas and beliefs can be questioned.",3
9781521308578,Brave New World,Aldous Huxley,Penguin Random House,English,1932,311,https://covers.openlibrary.org/b/id/8231823-M.jpg,"Originally published in 1932, this outstanding work of literature is more crucial and relevant today than ever before. Cloning, feel-good drugs, antiaging programs, and total social control through politics, programming, and media—has Aldous Huxley accurately predicted our future? With a storyteller's genius, he weaves these ethical controversies in a compelling narrative that dawns in the year 632 AF (After Ford). When Lenina and Bernard visit a savage reservation, the horrific truth of a perfect society is laid bare.",3
9780450042300,Dune,Frank Herbert,Penguin Classics,English,1965,592,https://covers.openlibrary.org/b/id/11481354-M.jpg,"Set on the desert planet Arrakis, Dune is the story of the boy Paul Atreides, heir to a noble family tasked with ruling an inhospitable world where the only thing of value is the spice melange, a drug capable of extending life and enhancing consciousness. Coveted across the known universe, melange is a prize worth killing for. When House Atreides is betrayed, the destruction of Paul's family will set the boy on a journey toward a destiny greater than he could ever have imagined.",2
9788868337421,The Handmaid's Tale,Margaret Atwood,HarperCollins Publishers,English,1985,350,https://covers.openlibrary.org/b/id/8231851-M.jpg,"The Handmaid's Tale is a dystopian novel set in a near-future New England, in a strongly patriarchal, totalitarian theonomic state known as the Republic of Gilead, which has overthrown the United States government. The central character and narrator is a woman named Offred, one of the Handmaids, who are forcibly assigned to produce children for the Commanders—the ruling class of men in Gilead. The novel explores themes of subjugated women in a patriarchal society and the various means by which women resist and defy their role.",3
9781473666948,It,Stephen King,Scribner,English,1986,1168,https://covers.openlibrary.org/b/id/8569284-M.jpg,"It is a 1986 horror novel by Stephen King. The story follows the experiences of seven children as they are terrorized by an evil entity that exploits the fears of its victims to disguise itself while hunting its prey. It primarily appears in the form of Pennywise the Dancing Clown to attract its preferred prey of young children. The novel won the British Fantasy Award in 1987, and received nominations for the World Fantasy Award and the Locus Award.",4
9788466345675,The Shining,Stephen King,Knopf Doubleday Publishing Group,English,1977,506,https://covers.openlibrary.org/b/id/12376585-M.jpg,"The Shining is a 1977 horror novel by Stephen King. It is King's third published novel and first hardback bestseller, firmly establishing him as a preeminent author in the horror genre. The setting and characters are influenced by King's personal experiences, including both his visit to The Stanley Hotel in 1974 and his struggle with alcoholism. The book centers on the life of Jack Torrance, a struggling writer and recovering alcoholic, who accepts a position as the winter caretaker of the isolated Overlook Hotel.",4
9789506442279,A Game of Thrones,George R. R. Martin,HarperCollins Publishers,English,1996,801,https://covers.openlibrary.org/b/id/9269962-M.jpg,"A Game of Thrones is the inaugural novel in A Song of Ice and Fire, an epic series of fantasy novels by George R. R. Martin. Published in 1996, this novel introduces readers to the richly detailed world of Westeros and Essos, where political intrigue, power struggles, and magical elements intertwine. The story unfolds through multiple perspectives, each chapter focusing on a different character, allowing readers to experience the narrative from various viewpoints across the realm.",2
9780694526079,Good to Great,Jim Collins,HarperAudio,English,2001,320,https://covers.openlibrary.org/b/id/53111-M.jpg,"For years, Jim Collins asked himself: are there companies that defy gravity and convert long-term mediocrity into long-term superiority? And if so, what are the universal distinguishing characteristics that cause a company to go from good to great? The Study: Collins and his team embarked on a five-year research project to discover what creates enduring great companies, examining 28 companies that made the leap and sustained it for at least 15 years.",12
9787508649719,Zero to One,Peter A. Thiel|Blake Masters,Crown Business,English,2014,253,https://covers.openlibrary.org/b/id/9002334-M.jpg,"If you want to build a better future, you must believe in secrets. The great secret of our time is that there are still uncharted frontiers to explore and new inventions to create. In Zero to One, legendary entrepreneur and investor Peter Thiel shows how we can find singular ways to create those new things. Thiel begins with the contrarian premise that we live in an age of technological stagnation, even if we're too distracted by shiny mobile devices to notice.",12
9780670921621,The Lean Startup,Eric Ries,Portfolio Penguin,English,2011,336,https://covers.openlibrary.org/b/id/7104760-M.jpg,"Most startups are built to fail. But those failures, according to entrepreneur Eric Ries, are preventable. Startups don't fail because of bad execution, or missed deadlines, or blown budgets. They fail because they are building something nobody wants. Whether they arise from someone's garage or are created within a mature Fortune 500 organization, new ventures are designed to create new products or services under conditions of extreme uncertainty.",12
9781984842305,Start with Why,Simon Sinek,Penguin Random House LLC,English,2009,247,https://covers.openlibrary.org/b/id/6395237-M.jpg,"The most important question for any organization. There's a naturally occurring pattern shared by the people and organizations that achieve the greatest long-term success. From Martin Luther King Jr. to Steve Jobs, from the pioneers of aviation to the founders of Southwest Airlines, the most inspiring leaders think, act, and communicate the exact same way—and it's the complete opposite of everyone else. The common thread, according to Simon Sinek, is that they all start with why.",12
9788416029747,Never Split the Difference,Chris Voss|Tahl Raz,HarperCollins Publishers,English,2016,288,https://covers.openlibrary.org/b/id/8365942-M.jpg,"A negotiation guide from a former FBI Hostage Negotiator. Never Split The Difference is a riveting, indispensable handbook of negotiation principles culled and perfected from Chris Voss's remarkable career as a hostage negotiator and later as an award-winning teacher in the world's most prestigious business schools. From policing the rough streets of Kansas City to becoming the FBI's lead international kidnapping negotiator, Voss shares the skills that helped him succeed.",12
9781312584655,The 48 Laws of Power,Robert Greene,Penguin Books,English,1998,452,https://covers.openlibrary.org/b/id/6424160-M.jpg,"Amoral, cunning, ruthless, and instructive, this piercing work distills three thousand years of the history of power into forty-eight well explicated laws. This bold volume outlines the laws of power in their unvarnished essence, synthesizing the philosophies of Machiavelli, Sun-tzu, Carl von Clausewitz, and other great thinkers. Some laws teach the need for prudence, the virtue of stealth, and the value of patience; others recommend the opposite approach.",12
9798846103436,Meditations,Marcus Aurelius,HarperCollins Publishers,English,180,203,https://covers.openlibrary.org/b/id/211529-M.jpg,"Meditations is a series of personal writings by Marcus Aurelius, Roman Emperor from 161 to 180 AD, recording his private notes to himself and ideas on Stoic philosophy. Marcus Aurelius wrote the 12 books of the Meditations in Koine Greek as a source for his own guidance and self-improvement. It is possible that large portions were written at Sirmium, where he spent much time planning military campaigns, and also at a camp on the river Gran on the campaign trail.",15
9780143130727,Ikigai,Héctor García|Francesc Miralles,Random House,English,2016,208,https://covers.openlibrary.org/b/id/11300391-M.jpg,"Bring meaning and joy to all your days with this internationally bestselling guide to the Japanese concept of ikigai—the happiness of always being busy—as revealed by the daily habits of the world's longest-living people. According to the Japanese, everyone has an ikigai—a reason for living. And according to the residents of the Japanese island of Okinawa—the world's longest-living people—finding it is the key to a longer and more fulfilling life.",11
9781602851092,The Four Agreements,Don Miguel Ruiz,Amber Allen,English,1997,152,https://covers.openlibrary.org/b/id/924521-M.jpg,"In The Four Agreements, don Miguel Ruiz reveals the source of self-limiting beliefs that rob us of joy and create needless suffering. Based on ancient Toltec wisdom, The Four Agreements offer a powerful code of conduct that can rapidly transform our lives to a new experience of freedom, true happiness, and love. A New York Times bestseller for over a decade, it has been published in 52 languages worldwide.",16
9788412067194,The Body Keeps the Score,Bessel van der Kolk,Penguin/Iota Publishing Limited,English,2014,520,https://covers.openlibrary.org/b/id/8315367-M.jpg,"Trauma is a fact of life. Veterans and their families deal with the painful aftermath of combat; one in five Americans has been molested; one in four grew up with alcoholics; one in three couples have engaged in physical violence. Dr. Bessel van der Kolk, one of the world's foremost experts on trauma, has spent over three decades working with survivors. In The Body Keeps the Score, he uses recent scientific advances to show how trauma literally reshapes both body and brain.",11
9780739341247,Quiet: The Power of Introverts in a World That Can't Stop Talking,Susan Cain,"Penguin Books, Limited",English,2012,360,https://covers.openlibrary.org/b/id/7079753-M.jpg,"Passionately argued, impressively researched, and filled with indelible stories of real people, Quiet shows how dramatically we undervalue introverts, and how much we lose in doing so. Taking the reader on a journey from Dale Carnegie's birthplace to Harvard Business School, from a Tony Robbins seminar to an evangelical megachurch, Susan Cain charts the rise of the Extrovert Ideal in the twentieth century and explores its far-reaching effects.",11
9780141036243,Outliers: The Story of Success,Malcolm Gladwell,Penguin Group UK,English,2008,320,https://covers.openlibrary.org/b/id/10021591-M.jpg,"In this stunning new book, Malcolm Gladwell takes us on an intellectual journey through the world of outliers—the best and the brightest, the most famous and the most successful. He asks the question: what makes high-achievers different? His answer is that we pay too much attention to what successful people are like, and too little attention to where they are from: that is, their culture, their family, their generation, and the idiosyncratic experiences of their upbringing.",11
9780316346627,The Tipping Point,Malcolm Gladwell,Goldmann,English,2000,288,https://covers.openlibrary.org/b/id/10873292-M.jpg,"New Yorker writer Malcolm Gladwell looks at why major changes in our society so often happen suddenly and unexpectedly. Ideas, behavior, messages, and products often spread like outbreaks of infectious disease. Just as a single sick person can start an epidemic of the flu, so too can a few fare-beaters and graffiti artists fuel a subway crime wave, or a satisfied customer fill the empty tables of a new restaurant. These are social epidemics, and the moment when they take off is the Tipping Point.",11
9783593377797,Blink: The Power of Thinking Without Thinking,Malcolm Gladwell,"Little, Brown & Co.",English,2004,296,https://covers.openlibrary.org/b/id/14421850-M.jpg,"Intuition is not some magical property that arises unbidden from the depths of our mind. It is a product of long hours and intelligent design, of meaningful work environments and particular rules and principles. This book shows us how we can hone our instinctive ability to know in an instant, helping us to bring out the best in our thinking and become better decision-makers in our homes, offices and in everyday life.",11
9780060838218,Freakonomics,Steven D. Levitt|Stephen J. Dubner,HarperCollins,English,2005,320,https://covers.openlibrary.org/b/id/11172914-M.jpg,"A Rogue Economist Explores the Hidden Side of Everything. Which is more dangerous, a gun or a swimming pool? What do schoolteachers and sumo wrestlers have in common? Why do drug dealers still live with their moms? How much do parents really matter? How did the legalization of abortion affect the rate of violent crime? These may not sound like typical questions for an economist to ask. But Steven D. Levitt is not a typical economist.",13
9798588497626,The Great Gatsby,F. Scott Fitzgerald,Penguin Books Ltd,English,1925,185,https://covers.openlibrary.org/b/id/10590366-M.jpg,"Here is a novel, glamorous, ironical, compassionate—a marvelous fusion into unity of the curious incongruities of the life of the period—which reveals a hero like no other—one who could live at no other time and in no other place. Set in the Jazz Age on Long Island, the novel depicts narrator Nick Carraway's interactions with mysterious millionaire Jay Gatsby and Gatsby's obsession to reunite with his former lover, Daisy Buchanan.",7
9781785150364,To Kill a Mockingbird,Harper Lee,"HarperCollins Canada, Limited",English,1960,320,https://covers.openlibrary.org/b/id/14351077-M.jpg,"One of the best-loved stories of all time, To Kill a Mockingbird has been translated into more than 40 languages, sold more than 30 million copies worldwide, served as the basis for an enormously popular motion picture, and voted one of the best novels of the 20th century by librarians across the United States. A gripping, heart-wrenching, and wholly remarkable tale of coming-of-age in a South poisoned by virulent prejudice.",7
9781101217238,The Kite Runner,Khaled Hosseini,Riverhead Books,English,2003,371,https://covers.openlibrary.org/b/id/14846827-M.jpg,"The unforgettable, heartbreaking story of the unlikely friendship between a wealthy boy and the son of his father's servant, The Kite Runner is a beautifully crafted novel set in a country that is in the process of being destroyed. It is about the power of reading, the price of betrayal, and the possibility of redemption; and an exploration of the power of fathers over sons—their love, their sacrifices, their lies.",7
9780224613286,Catch-22,Joseph Heller,Simon and Schuster,English,1961,463,https://covers.openlibrary.org/b/id/6468653-M.jpg,"Catch-22 is like no other novel. It has its own rationale, its own extraordinary character. It moves back and forth from hilarity to horror. It is outrageously funny and strangely affecting. It is totally original. Set in the closing months of World War II in an American bomber squadron off Italy, Catch-22 is the story of a bombardier named Yossarian, who is frantic and furious because thousands of people he hasn't even met keep trying to kill him.",7
9781283995344,The Road,Cormac McCarthy,Knopf Doubleday Publishing Group,English,2006,287,https://covers.openlibrary.org/b/id/198120-M.jpg,"Cormac McCarthy's tenth novel, The Road, is his most harrowing yet deeply personal work. Some unnamed catastrophe has scourged the world to a burnt-out cinder, inhabited by the last remnants of mankind. The sky is perpetually shrouded by dust and toxic particulates; the seasons are merely varied intensities of cold and dampness. Bands of cannibals roam the roads. Through this nightmarish residue of civilization, a father and his young son journey south toward the sea.",7
9780593536551,Never Let Me Go,Kazuo Ishiguro,Vintage Books / Random House,English,2005,288,https://covers.openlibrary.org/b/id/1047334-M.jpg,"Ishiguro explores what it means to have a soul and how art distinguishes man from other life forms. But above all, Never Let Me Go is a study of friendship and the bonds we form which make or break us while we come of age. From the acclaimed author of The Remains of the Day, this is a devastating novel about memory, loss, and the difficult choices that define a life.",7
9781786892713,The Midnight Library,Matt Haig,HarperAvenue,English,2020,304,https://covers.openlibrary.org/b/id/10313767-M.jpg,"Between life and death there is a library, and within that library, the shelves go on forever. Every book provides a chance to try another life you could have lived. To see how things would be if you had made other choices. Would you have done anything different, if you had the chance to undo your regrets? A dazzling novel about all the choices that go into a life well lived, from the internationally bestselling author of Reasons to Stay Alive.",7
9781649377371,Fourth Wing,Rebecca Yarros,Entangled: Red Tower Books,English,2023,530,https://covers.openlibrary.org/b/id/14407898-M.jpg,"Twenty-year-old Violet Sorrengail was supposed to enter the Scribe Quadrant, living a quiet life among books and history. Now, the commanding general—also known as her tough-as-talons mother—has ordered Violet to join the hundreds of candidates striving to become the elite of Navarre: dragon riders. But when you're smaller than everyone else and your body is brittle, death is only a heartbeat away—because dragons don't bond to fragile humans. They incinerate them.",2
9781784744656,"Tomorrow, and Tomorrow, and Tomorrow",Gabrielle Zevin,Random House Large Print,English,2022,416,https://covers.openlibrary.org/b/id/12859975-M.jpg,"On a bitter-cold day, in the December of his junior year at Harvard, Sam Masur exits a subway car and sees, amid the hordes of people waiting on the platform, Sadie Green. For a moment, she pretends she hasn't heard him, but then, she turns, and a game begins: a legendary collaboration that will launch them to stardom. These friends, intimates since childhood, borrow money, beg favors, and before even graduating college, they have created their first blockbuster game, Ichigo.",7
9780979019784,The Miracle Morning Journal,"Hal, Austin Elrod",Hal Elrod,English,2013,164,https://covers.openlibrary.org/b/id/12504468-M.jpg,"The Miracle Morning JOURNAL was designed by #1 bestselling author Hal Elrod to be the perfect tool for helping you take your Miracle Morning practice to the next level. There are many life-enhancing benefits of using The Miracle Morning JOURNAL, a few of which include: GAINING CLARITY: The process of writing down our thoughts forces us to think through them enough to understand them. Thus, The Miracle Morning JOURNAL will give you more clarity, allowing you to brainstorm, and helping you to achieve goals and more effectively work through your problems and challenges. CAPTURING IDEAS: Journaling helps you not only expand your ideas, but also prevents you from losing the important ideas that you may want to act on in the future. REVIEWING LESSONS: The Miracle Morning JOURNAL enables you to review and strengthen all of the lessons you're learning. ACKNOWLEDGING YOUR PROGRESS: Going back and re-reading your Miracle Morning JOURNAL entries and seeing how much progress you've made is one of the most empowering, confidence-inspiring and enjoyable experiences that can't really be duplicated any other way. The Miracle Morning JOURNAL allows you to document your journey to creating the most extraordinary life you've ever imagined... Starting right NOW.",11
9781785040207,Grit,Angela Duckworth,Random House Export Editions,English,2016,353,https://covers.openlibrary.org/b/id/7438753-M.jpg,"Pioneering psychologist Angela Duckworth shows anyone striving to succeed—be it parents, students, educators, athletes, or business people—that the secret to outstanding achievement is not talent but a special blend of passion and persistence she calls grit.""""",11
9781592858491,The Gifts of Imperfection,Brené Brown,,English,2010,202,https://covers.openlibrary.org/b/id/7237826-M.jpg,"A deep book about Courage, Compassion and Connection; these are decisions (mind sets) to lead our way to being wholehearted, to loving ourselves and others. We can not give what we do not have. Real authenticity and love come from within. The journey requires us to get deliberate through deep meditation and prayer, get inspired to make new and different choses in our lives and finally to get going, take action and make each day a new beginning.",11
9780593105108,Daring Greatly,Brené Brown,"Blackstone Audio, Inc.",English,2012,251,https://covers.openlibrary.org/b/id/7367250-M.jpg,"Based on twelve years of research, thought leader Dr. Brené Brown argues that vulnerability is not weakness, but rather our clearest path to courage, engagement, and meaningful connection. ""Every day we experience the uncertainty, risks, and emotional exposure that define what it means to be vulnerable, or to dare greatly. Whether the arena is a new relationship, an important meeting, our creative process, or a difficult family conversation, we must find the courage to walk into vulnerability and engage with our whole hearts. In Daring Greatly, Dr. Brown challenges everything we think we know about vulnerability. Based on twelve years of research, she argues that vulnerability is not weakness, but rather our clearest path to courage, engagement, and meaningful connection. The book that Dr. Brown's many fans have been waiting for, Daring Greatly will spark a new spirit of truth--and trust--in our organizations, families, schools, and communities."" -- Publisher's description.",11
9780762486540,You Are a Badass,Jen Sincero,Planeta Publishing Corporation,English,2013,259,https://covers.openlibrary.org/b/id/7436635-M.jpg,"The first ever self-development book to help millions of people around the globe transform their lives using humor, irreverence, and the occasional curse word—now updated and expanded for its 10th anniversary with a brand-new foreword, reader's guide, and more! In this refreshingly entertaining guide to reshaping your mindset and your life, mega-bestselling author and world-traveling success coach Jen Sincero serves up 27 bite-sized chapters full of hilarious and inspiring stories, sage advice, loving yet firm kicks in the rear, and easy-to-implement exercises to help you: Identify and change the self-sabotaging beliefs and behaviors that stop you from getting what you want. Shift your energy and attract what you desire. Create a life you totally love. And start creating it NOW. Make some damn money already. The kind you've never made before. By the end of You Are a Badass, you'll understand how to blast past what's holding you back, make some serious changes, and start living the kind of life that once seemed impossible.",11
9780753555163,Essentialism,Greg McKeown,Virgin Books,English,2014,266,https://covers.openlibrary.org/b/id/7285986-M.jpg,"Essentialism isn't about getting more done in less time. It's about getting only the right things done. Have you ever found yourself stretched too thin? Do you simultaneously feel overworked and underutilized? Are you often busy but not productive? Do you feel like your time is constantly being hijacked by other people's agendas? If you answered yes to any of these, the way out is the Way of the Essentialist. Essentialism is more than a time-management strategy or a productivity technique. It is a systematic discipline for discerning what is absolutely essential, then eliminating everything that is not, so we can make the highest possible contribution toward the things that really matter. By forcing us to apply more selective criteria for what is Essential, the disciplined pursuit of less empowers us to reclaim control of our own choices about where to spend our precious time and energy -- instead of giving others the implicit permission to choose for us. Essentialism is not one more thing. It's a whole new way of doing everything. It's about doing less, but better, in every area of our lives. Essentialism is a movement whose time has come. - Jacket flap.",11
9788403518131,Big Magic,Elizabeth Gilbert,FISCHER Taschenbuch,English,2014,312,https://covers.openlibrary.org/b/id/7434843-M.jpg,"Elizabeth Gilbert digs deep into her own generative process to share her wisdom and unique perspective about creativity, offering insights into the mysterious nature of inspiration. She asks us to embrace our curiosity and let go of needless suffering. She shows us how to tackle what we most love, and how to face down what we most fear. She discusses the attitudes, approaches, and habits we need in order to live our most creative lives. Balancing between soulful spirituality and cheerful pragmatism, Gilbert encourages us to uncover the ""strange jewels"" that are hidden within each of us. Whether we are looking to write a book, make art, find new ways to address challenges in our work, embark on a dream long deferred, or simply infuse our everyday lives with more mindfulness and passion, Big Magic cracks open a world of wonder and joy.",11
9781473676190,The 5 Second Rule,Mel Robbins,Savio Republic,English,2014,246,https://covers.openlibrary.org/b/id/8114155-M.jpg,"The 5 Second Rule is the secret to changing anything about your life. You can use the Rule and its countdown method to break any bad habit, interrupt self-doubt and negative self-talk, and push yourself to take the actions that will change your life. If you struggle with motivation... If you are tired of doubting yourself... If you know what you want but can't make yourself go get it... You NEED The 5 Second Rule. The secret to changing your life isn't knowing what to do--it's knowing how to make yourself do it. It's a simple tool, backed by research, and it has changed the lives of millions. It will work for you too. Using the science of habits, riveting stories, and surprising facts from some of the most famous moments in history, Mel Robbins will explain the power of a five second decision. You'll also meet and inspired by hundreds of people around the world who are using the Rule to achieve their goals, reach their potential, and chase their dreams. In the book, you'll learn the inspiring and relatable story of how Mel invented the 5 Second Rule during the worst moment of her life, when her anxiety and finances were so bad, she could barely get out of bed. Since creating the Rule, Mel has shared it with audiences around the world, the most respected brands, and people who want to make real and lasting change. Easy. Accessible. Science-backed. Proven. You are just five seconds away from a totally different life. Read the book and you'll learn the secret to creating it.",11
9781401958244,Limitless,Jim Kwik,Hay House,English,2020,344,https://covers.openlibrary.org/b/id/9360116-M.jpg,"""Let's say you set out to learn a new subject or skill, and you succeed. That's great. You've added to your knowledge and abilities. But it's limited to just that one thing you've learned. Now imagine that instead, the skill you learn is...how to learn. Once you know how to learn-smarter, faster, and better-you can apply it to anything. You can learn to master your mindset or your motivation, or use the methods to pick up martial arts, music, marketing, or Mandarin. Now anything is possible. There are no limits! That's the power Jim Kwik puts in your hands in this remarkable book. For the last 25 years, Jim has helped everyone from celebrities to CEOs to students improve their memory, increase their decision-making skills, learn to speed-read, and unleash their superbrains. Now he shares his revolutionary strategies and shortcuts to help you break free from your perceived limitations and fast-track your fullest potential. In these pages, you'll discover the myths you've been told about your IQ, abilities, and skillset; understand why learning matters; learn core habits and steps to becoming limitless; and explore how you can serve the world""--",11
9781607747307,The Life-Changing Magic of Tidying Up,Marie Kondo,Bluebird,English,2014,224,https://covers.openlibrary.org/b/id/7367218-M.jpg,"Japanese cleaning consultant Marie Kondo takes tidying to a whole new level, promising that if you properly simplify and organize your house once, you'll never have to do it again. Most methods advocate a room-by-room approach, which doom you to pick away at your piles of stuff forever. The KonMari Method, with its revolutionary category-by-category system, leads to lasting results. In fact, none of Kondo's clients have lapsed (and she still has a three-month wait list). With detailed guidance for determining which items in your house ""spark joy"" (and which don't), this international best-seller featuring Tokyo's newest lifestyle phenomenon will help you clear your clutter and enjoy the unique magic of a tidy home - and the calm, motivated mindset it can inspire.",11
9780735278516,12 Rules for Life,Jordan B. Peterson,Wow Publishing Pvt.Ltd.,English,2015,480,https://covers.openlibrary.org/b/id/8131760-M.jpg,Duplicate of https://openlibrary.org/books/OL27241047M/12_Rules_For_Life_Paperback,11
9788499176109,Feel the fear and do it anyway,Susan J. Jeffers,Harcourt Brace Jovanovich,English,1987,227,https://covers.openlibrary.org/b/id/6498618-M.jpg,"Sea quien quiere ser y viva la vida del modo que realmente desee vivirla. Libérese del miedo que le atenaza. Cuando corremos un riesgo, cuando nos adentramos en territorios poco familiares o nos enfrentamos al mundo de una forma nueva, experimentamos miedo. Y, muy a menudo, ese miedo evita que progresemos en nuestra vida. Para que esto no suceda, lo mejor que podemos hacer es explorar los obstáculos que nos impiden vivir a nuestra manera, evitar elegir el camino mas cómodo y aprender a identificar las ""excusas"" que nos hacen resistirnos a cualquier cambio. Las técnica explicadas en este libro son autenticas herramientas de fácil aplicación y de grán eficacia para: Controlar la propia vida y vencer el miedo; Cambiar la forma de pensar y eliminar la ira y el resentimiento; Encontrar el trabajo deseado; Crear relaciones positivas con los demás; Afrontar las situaciones con fuerza y seguridad en si mismo. En definitiva, un libro ameno y practico que le permitirá dominar sentimientos tan frustrantes como los que genera el miedo.",11
9781593157135,The Compound effect,Darren Hardy,Success Books,English,2010,172,https://covers.openlibrary.org/b/id/7115046-M.jpg,"As publisher of SUCCESS magazine, author Darren Hardy has heard it all, seen it all, and tried most of it. This book reveals the core principles that drive success. The Compound Effect contains the essence of what every superachiever needs to know, practice, and master to obtain extraordinary success. Inside you will find strategies on: - How to win every time! The No. 1 strategy to achieve any goal and triumph over any competitor, even if they're smarter, more talented or more experienced. - Eradicating your bad habits (some you might be unaware of!) that are derailing your progress. - Painlessly installing the few key disciplines required for major breakthroughs. - The real, lasting keys to motivation, how to get yourself to do things you don't feel like doing. - Capturing the elusive, awesome force of momentum. Catch this, and you'll be unstoppable. - The acceleration secrets of superachievers. Do they have an unfair advantage? Yes they do, and now you can too! If you're serious about living an extraordinary life, use the power of The Compound Effect to create the success you desire. Begin your journey today! -- Amazon.",11
9781785040474,The Magic of Thinking Big,David Joseph Schwartz,"Prentice-Hall, Inc.",English,1900,270,https://covers.openlibrary.org/b/id/480539-M.jpg,"The timeless and practical advice in The Magic of Thinking Big clearly demonstrates how you can: Sell more Manage better Lead fearlessly Earn more Enjoy a happier, more fulfilling life With applicable and easy-to-implement insights, you'll discover: Why believing you can succeed is essential How to quit making excuses The means to overcoming fear and finding confidence How to develop and use creative thinking and dreaming Why making (and getting) the most of your attitudes is critical How to think right towards others The best ways to make action"" a habit How to find victory in defeat Goals for growth"," and How to think like a leader """"Believe Big"
9780437950062,How to Win Friends and Influence People,Dale Carnegie,Unknown Publisher,English,1936,276,https://covers.openlibrary.org/b/id/13314878-M.jpg,"Available for the first time ever in trade paperback, Dale Carnegie's enduring classic, the inspirational personal development guide that shows how to achieve lifelong success. One of the top-selling books of all time, ""How to Win Friends & Influence People"" has sold more than 15 million copies in all its editions.",11
9781534415201,Shoe Dog,Phil Knight,Scribner,English,2014,386,https://covers.openlibrary.org/b/id/8858487-M.jpg,"""In this candid and riveting memoir, for the first time ever, Nike founder and CEO Phil Knight shares the inside story of the company's early days as an intrepid start-up and its evolution into one of the world's most iconic, game-changing, and profitable brands. In 1962, fresh out of business school, Phil Knight borrowed $50 from his father and created a company with a simple mission: import high-quality, low-cost athletic shoes from Japan. Selling the shoes from the trunk of his lime green Plymouth Valiant, Knight grossed $8,000 his first year. Today, Nike's annual sales top $30 billion. In an age of startups, Nike is the ne plus ultra of all startups, and the swoosh has become a revolutionary, globe-spanning icon, one of the most ubiquitous and recognizable symbols in the world today. But Knight, the man behind the swoosh, has always remained a mystery. Now, for the first time, in a memoir that is candid, humble, gutsy, and wry, he tells his story, beginning with his crossroads moment. At 24, after backpacking around the world, he decided to take the unconventional path, to start his own business--a business that would be dynamic, different. Knight details the many risks and daunting setbacks that stood between him and his dream--along with his early triumphs. Above all, he recalls the formative relationships with his first partners and employees, a ragtag group of misfits and seekers who became a tight-knit band of brothers. Together, harnessing the transcendent power of a shared mission, and a deep belief in the spirit of sport, they built a brand that changed everything""--",12
9781509868063,Bad Blood,John Carreyrou,CAPITÁN SWING,English,2018,352,https://covers.openlibrary.org/b/id/12735651-M.jpg,"Bad Blood: Secrets and Lies in a Silicon Valley Startup is a nonfiction book by journalist John Carreyrou, released May 21, 2018. It covers the rise and fall of Theranos, the multibillion-dollar biotech startup headed by Elizabeth Holmes. The book received critical acclaim, winning the 2018 Financial Times and McKinsey Business Book of the Year Award.",12
9781982112387,Principles,Ray Dalio,Simon & Schuster Audio,English,2017,592,https://covers.openlibrary.org/b/id/8315355-M.jpg,"Bridgewater Associates founder, Ray Dalio, offers a five-step process to getting what you want out of life, which involves systemizing everything to run like a machine — which can then be fine-tuned.",12
9780875845852,The Innovator's Dilemma,Clayton M. Christensen|L J Ganser|Don Leslie,Collins Business Essentials,English,1997,286,https://covers.openlibrary.org/b/id/9274687-M.jpg,"In his book, The Innovator's Dilemma [3], Professor Clayton Christensen of Harvard Business School describes a theory about how large, outstanding firms can fail ""by doing everything right."" The Innovator's Dilemma, according to Christensen, describes companies whose successes and capabilities can actually become obstacles in the face of changing markets and technologies. ([Source][1]) This book takes the radical position that great companies can fail precisely because they do everything right. It demonstrates why outstanding companies that had their competitive antennae up, listened astutely to customers, and invested aggressively in new technologies still lost their market leadership when confronted with disruptive changes in technology and market structure. And it tells how to avoid a similar fate. Using the lessons of successes and failures of leading companies, The Innovator's Dilemma presents a set of rules for capitalizing on the phenomenon of disruptive innovation. These principles will help managers determine when it is right not to listen to customers, when to invest in developing lower-performance products that promise lower margins, and when to pursue small markets at the expense of seemingly larger and more lucrative ones. - Jacket flap. [1]: http://web.mit.edu/6.933/www/Fall2000/teradyne/clay.html",12
9781250103512,Radical Candor,Kim Malone Scott,St Martin s Press,English,2017,297,https://covers.openlibrary.org/b/id/8088432-M.jpg,"Radical Candor is a simple idea: to be a good boss, you have to Care Personally at the same time that you Challenge Directly. When you challenge without caring it's obnoxious aggression; when you care without challenging it's ruinous empathy. When you do neither it's manipulative insincerity. This simple framework can help you build better relationships at work, and fulfill your three key responsibilities as a leader: creating a culture of feedback (praise and criticism), building a cohesive team, and achieving results you're all proud of. Radical Candor offers a guide to those bewildered or exhausted by management, written for bosses and those who manage bosses. Taken from years of the author's experience, and distilled clearly giving actionable lessons to the reader; it shows managers how to be successful while retaining their humanity, finding meaning in their job, and creating an environment where people both love their work and their colleagues.",12
9781524797096,The culture code,Daniel Coyle,Bantam Books,English,2018,280,https://covers.openlibrary.org/b/id/10242550-M.jpg,"""From the New York Times bestselling author of The Talent Code comes a book that unlocks the secrets of highly successful groups and provides tomorrow's leaders with the tools to build a cohesive, motivated culture. Where does great culture come from? How do you build and sustain it in your group, or strengthen a culture that needs fixing? In The Culture Code, Daniel Coyle goes inside some of the world's most successful organizations--including Pixar, the San Antonio Spurs, and U.S. Navy'sSEAL Team Six--and reveals what makes them tick. He demystifies the culture-building process by identifying three key skills that generate cohesion and cooperation, and explains how diverse groups learn to function with a single mind. Drawing on examples that range from Internet retailer Zappos to the comedy troupe Upright Citizens Brigade to a daring gang of jewel thieves, Coyle offers specific strategies that trigger learning, spark collaboration, build trust, and drive positive change. Coyle unearths helpful stories of failure that illustrate what not to do, troubleshoots common pitfalls, and shares advice about reforming a toxic culture. Combining leading-edge science, on-the-ground insights from world-class leaders, and practical ideas for action, The Culture Code offers a roadmap for creating an environment where innovation flourishes, problems get solved, and expectations are exceeded. Culture is not something you are--it's something you do. The Culture Code puts the power in your hands. No matter the size of the group or the goal, this book can teach you the principles of cultural chemistry that transform individuals into teams that can accomplish amazing things together. Advance praise for The Culture Code ""If you want to understand how successful groups work--the signals they transmit, the language they speak, the cues that foster creativity--you won't find a more essential guide than The Culture Code. This is a marvel of insight and practicality.""--Charles Duhigg, New York Times bestselling author of The Power of Habit and Smarter Faster Better ""I've been waiting years for someone to write this book--I've built it up in my mind into something extraordinary. But it is even better than I imagined.Daniel Coyle has produced a truly brilliant, mesmerizing read that demystifies the magic of great groups. It blows all other books on culture right out of the water. Read it immediately.""--Adam Grant, New York Times bestselling author of Option B, Originals, and Give and Take""-- ""A toolkit for building a cohesive, innovative and successful group culture, from the New York Times bestselling author of The Talent Code. Daniel Coyle spent three years researching the question of what makes a successful group tick, visiting some of the world's most productive groups--including Pixar, Navy SEALs, Zappos, IDEO, and the San Antonio Spurs. Coyle discovered that high-performing groups relentlessly generate three key messages that enable them to excel: 1) Safety - we are connected. 2) Shared Risk - we are vulnerable together. 3) Purpose - we are part of the same story. Filled with first-hand reporting, fascinating science, compelling real-world stories, and leadership tools that can apply to businesses, schools, sports, families, and any kind of group, The Culture Code will revolutionize how you think about creating and sustaining successful groups""--",12
9781480542594,Leaders Eat Last,Simon Sinek,Penguin,English,1900,368,https://covers.openlibrary.org/b/id/8246311-M.jpg,"Why do only a few people get to say I love my job?"" It seems unfair that finding fulfillment at work is like winning a lottery; that only a few lucky ones get to feel valued by their organizations", to feel like they belong. Imagine a world where almost everyone wakes up inspired to go to work
9781594488849,Drive,Daniel H. Pink,Penguin Audio,English,2009,249,https://covers.openlibrary.org/b/id/6404786-M.jpg,"From Daniel H. Pink, the author of the groundbreaking bestseller A Whole New Mind, comes his next big idea book: a paradigm-changing examination of what truly motivates us and how to harness that knowledge to find greater satisfaction in our lives and our work.We've been conditioned to think that the best way to motivate ourselves and others is through external rewards like money—the carrot-and-the-stick approach. That's a mistake, Daniel H. Pink says in his transformative new book. The key to high performance and satisfaction is intrinsic, internal motivation: the desire to follow your own interests and understand the benefits in them for you. And Pink has discovered thirty years of scientific data that confirm these ideas and show an exciting way forward.As he did in his groundbreaking bestseller A Whole New Mind, Pink lays out the hard science for these surprising insights, describes how people and corporations can embrace such ideas (some of them are already doing it), offers details about how we can master them, and provides concrete examples on how intrinsic motivation works on the job, at home, and in ourselves.This is a book of big ideas that explains how each of us can find the surest pathway to high performance, creativity, and even health and well-being.",12
9781450532983,The Art of War,孙武 (Sun Tzu)|Stephen F. Kaufman|Lionel Giles|Onésimo Colavidas,Ediciones Meridional,English,1900,90,https://covers.openlibrary.org/b/id/4849549-M.jpg,"The Art of War is an ancient Chinese military treatise dating from the Late Spring and Autumn Period. The work, which is attributed to the ancient Chinese military strategist Sun Tzu",12
9780525536222,Measure what matters,John Doerr,Portfolio,English,2017,320,https://covers.openlibrary.org/b/id/9254540-M.jpg,"In the fall of 1999, John Doerr met with the founders of a start-up whom he'd just given $12.5 million, the biggest investment of his career. Larry Page and Sergey Brin had amazing technology, entrepreneurial energy, and sky-high ambitions, but no real business plan. For Google to change the world (or even to survive), Page and Brin had to learn how to make tough choices on priorities while keeping their team on track. They'd have to know when to pull the plug on losing propositions, to fail fast. And they needed timely, relevant data to track their progress, to measure what mattered. Doerr taught them about a proven approach to operating excellence: Objectives and Key Results. He had first discovered OKRs in the 1970s as an engineer at Intel, where the legendary Andy Grove drove the best-run company Doerr had ever seen. Later, as a venture capitalist, Doerr shared Grove's brainchild with more than fifty companies. Wherever the process was faithfully practiced, it worked. In this goal-setting system, objectives define what we seek to achieve; key results are how those top-priority goals will be attained with specific, measurable actions within a set time frame. Everyone's goals, from entry level to CEO, are transparent to the entire organization. The benefits are profound. OKRs surface an organization's most important work. They focus effort and foster coordination. They keep employees on track. They link objectives across silos to unify and strengthen the entire company. Along the way, OKRs enhance workplace satisfaction and boost retention. Doerr shares a broad range of first-person, behind-the-scenes case studies, with narrators including Bono and Bill Gates, to demonstrate the focus, agility, and explosive growth that OKRs have spurred at so many great organizations, helping a new generation of leaders capture the same magic.",12
9781984877864,No Rules Rules,Reed Hastings|Erin Meyer,Penguin Audio,English,2020,320,https://covers.openlibrary.org/b/id/10524294-M.jpg,"A culture built on trust and clear responsibility, showing that when people are treated respectfully y and given autonomy, both they and their organization can do their best.",12
9781610660242,Delivering happiness,Tony Hsieh,Writers of the Round Table Press,English,2010,253,https://covers.openlibrary.org/b/id/6450379-M.jpg,"Tony Hsieh--the widely-admired CEO of on-line shoe retailer, Zappos--explains how he created a unique culture and commitment to service that aims to improve the lives of its employees, customers, vendors and backers. Even better, he shows how creating happiness and record results go hand-in-hand.",12
9780061446771,The E-myth revisited,Michael E. Gerber,HarperBusiness,English,1995,268,https://covers.openlibrary.org/b/id/684209-M.jpg,"In this first new and totally revised edition of the 150,000-copy underground bestseller, The E-Myth, Michael Gerber dispels the myths surrounding starting your own business and shows how commonplace assumptions can get in the way of running a business. He walks you through the steps in the life of a business from entrepreneurial infancy, through adolescent growing pains, to the mature entrepreneurial perspective, the guiding light of all businesses that succeed. He then shows how to apply the lessons of franchising to any business — whether or not it is a franchise. Finally, Gerber draws the vital, often overlooked distinction between working on your business and working in. your business. After you have read The E-Myth Revisited, you will truly be able to grow your business in a predictable and productive way.",12
9780887306716,Built to Last,"Collins, James C.|Jim Collins|Jerry I. Porras|James C. Collins",Collins,English,1994,355,https://covers.openlibrary.org/b/id/684195-M.jpg,"""This is not a book about charismatic visionary leaders. It is not about visionary product concepts or visionary products or visionary market insights. Nor even is it about just having a corporate vision. This is a book about something far more important, enduring, and substantial. This is a book about visionary companies."" So write James C. Collins and Jerry I. Porras in this groundbreaking book that shatters myths, provides new insights, and gives practical guidance to those who would like to build landmark companies that stand the test of time. Drawing upon a six-year research project at the Stanford University Graduate School of Business, Collins and Porras took eighteen truly exceptional and long-lasting companies - they have an average age of nearly one hundred years and have outperformed the general stock market by a factor of fifteen since 1926 - and studied each company in direct comparison to one of its top competitors. They examined the companies from their very beginnings to the present day - as start-ups, as midsize companies, and as large corporations. Throughout, the authors asked: ""What makes the truly exceptional companies different from other companies?"" . By answering such questions, Collins and Porras go beyond the incessant barrage of management buzzwords and fads of the day to discover timeless qualities that have consistently distinguished outstanding companies. They also provide inspiration to all executives and entrepreneurs by destroying the false but widely accepted idea that only charismatic visionary leaders can build visionary companies. Filled with hundreds of specific examples and organized into a coherent framework of practical concepts that can be applied by managers and entrepreneurs at all levels, Built to Last provides a master blueprint for building organizations that will prosper long into the twenty-first century and beyond.",12
9780735216372,Thinking in bets,Annie Duke,Portfolio/Penguin,English,2018,276,https://covers.openlibrary.org/b/id/8792782-M.jpg,"""Poker champion turned business consultant Annie Duke teaches you how to get comfortable with uncertainty and make better decisions as a result. In Super Bowl XLIX, Seahawks coach Pete Carroll made one of the most controversial calls in football history: With 26 seconds remaining, and trailing by four at the Patriots' one-yard line, he called for a pass instead of a hand off to his star running back. The pass was intercepted and the Seahawks lost. Critics called it the dumbest play in history. But was the call really that bad? Or did Carroll actually make a great move that was ruined by bad luck? Even the best decision doesn't yield the best outcome every time. There's always an element of luck that you can't control, and there is always information that is hidden from view. So the key to long-term success (and avoiding worrying yourself to death) is to think in bets: How sure am I? What are the possible ways things could turn out? What decision has the highest odds of success? Did I land in the unlucky 10% on the strategy that works 90% of the time? Or is my success attributable to dumb luck rather than great decision making? Annie Duke, a former World Series of Poker champion turned business consultant, draws on examples from business, sports, politics, and (of course) poker to share tools anyone can use to embrace uncertainty and make better decisions. For most people, it's difficult to say ""I'm not sure"" in a world that values and, even, rewards the appearance of certainty. But professional poker players are comfortable with the fact that great decisions don't always lead to great outcomes and bad decisions don't always lead to bad outcomes. By shifting your thinking from a need for certainty to a goal of accurately assessing what you know and what you don't, you'll be less vulnerable to reactive emotions, knee-jerk biases, and destructive habits in your decision making. You'll become more confident, calm, compassionate and successful in the long run""--",12
9781591843528,The personal MBA,Josh Kaufman,Penguin Publishing Group,English,2010,504,https://covers.openlibrary.org/b/id/6713257-M.jpg,A thematic encyclopaedia of concepts that are relevant to succeeding in business.,12
9788499921181,Steve Jobs,Walter Isaacson,Insignis Media,English,2011,665,https://covers.openlibrary.org/b/id/12374726-M.jpg,"Based on more than forty interviews with Jobs conducted over two years -- as well as interviews with more than a hundred family members, friends, adversaries, competitors, and colleagues -- Walter Isaacson has written a riveting story of the roller-coaster life and searingly intense personality of a creative entrepreneur whose passion for perfection and ferocious drive revolutionized six industries: personal computers, animated movies, music, phones, tablet computing, and digital publishing. At a time when America is seeking ways to sustain its innovative edge, and when societies around the world are trying to build digital-age economies, Jobs stands as the ultimate icon of inventiveness and applied imagination. He knew that the best way to create value in the twenty-first century was to connect creativity with technology. He built a company where leaps of the imagination were combined with remarkable feats of engineering. Although Jobs cooperated with this book, he asked for no control over what was written nor even the right to read it before it was published. He put nothing off-limits. He encouraged the people he knew to speak honestly. And Jobs speaks candidly, sometimes brutally so, about the people he worked with and competed against. His friends, foes, and colleagues provide an unvarnished view of the passions, perfectionism, obsessions, artistry, devilry, and compulsion for control that shaped his approach to business and the innovative products that resulted. Driven by demons, Jobs could drive those around him to fury and despair. But his personality and products were interrelated, just as Apple's hardware and software tended to be, as if part of an integrated system. His tale is instructive and cautionary, filled with lessons about innovation, character, leadership, and values. - Publisher.",10
9781508267294,Leonardo da Vinci,Walter Isaacson|Jordi Ainaud i Escudero|Beruryah Ben Barukh,Modan,English,2017,599,https://covers.openlibrary.org/b/id/8087691-M.jpg,"The author of the acclaimed bestsellers Steve Jobs, Einstein, and Benjamin Franklin brings Leonardo da Vinci to life in this exciting new biography. Based on thousands of pages from Leonardo's astonishing notebooks and new discoveries about his life and work, Walter Isaacson weaves a narrative that connects his art to his science. He shows how Leonardo's genius was based on skills we can improve in ourselves, such as passionate curiosity, careful observation, and an imagination so playful that it flirted with fantasy. He produced the two most famous paintings in history, The Last Supper and the Mona Lisa. But in his own mind, he was just as much a man of science and technology. With a passion that sometimes became obsessive, he pursued innovative studies of anatomy, fossils, birds, the heart, flying machines, botany, geology, and weaponry. His ability to stand at the crossroads of the humanities and the sciences, made iconic by his drawing of Vitruvian Man, made him history's most creative genius. His creativity, like that of other great innovators, came from having wide-ranging passions. He peeled flesh off the faces of cadavers, drew the muscles that move the lips, and then painted history's most memorable smile. He explored the math of optics, showed how light rays strike the cornea, and produced illusions of changing perspectives in The Last Supper. Isaacson also describes how Leonardo's lifelong enthusiasm for staging theatrical productions informed his paintings and inventions. Leonardo's delight at combining diverse passions remains the ultimate recipe for creativity. So, too, does his ease at being a bit of a misfit: illegitimate, gay, vegetarian, left-handed, easily distracted, and at times heretical. His life should remind us of the importance of instilling, both in ourselves and our children, not just received knowledge but a willingness to question it—to be imaginative and, like talented misfits and rebels in any era, to think different.",10
9780399590443,Born a Crime,Trevor Noah,Audible Studios on Brilliance,English,2016,304,https://covers.openlibrary.org/b/id/8294078-M.jpg,"Born a Crime is the story of a mischievous young boy who grows into a restless young man as he struggles to find himself in a world where he was never supposed to exist. It is also the story of that young man's relationship with his fearless, rebellious, and fervently religious mother—his teammate, a woman determined to save her son from the cycle of poverty, violence, and abuse that would ultimately threaten her own life. The stories collected here are by turns hilarious, dramatic, and deeply affecting. Whether subsisting on caterpillars for dinner during hard times, being thrown from a moving car during an attempted kidnapping, or just trying to survive the life-and-death pitfalls of dating in high school, Trevor illuminates his curious world with an incisive wit and unflinching honesty. His stories weave together to form a moving and searingly funny portrait of a boy making his way through a damaged world in a dangerous time, armed only with a keen sense of humor and a mother's unconventional, unconditional love.",10
9780394558127,I Know Why the Caged Bird Sings,Maya Angelou,Book-of-the-Month Club,English,1969,281,https://covers.openlibrary.org/b/id/9367075-M.jpg,"She was born Marguerite, but her brother Bailey nicknamed her Maya (""mine""). As little children they were sent to live with their grandmother in Stamps, Arkansas. Their early world revolved around this remarkable woman and the Store she ran for the black community. White people were more than strangers - they were from another planet. And yet, even unseen they ruled. The Store was a microcosm of life: its orderly pattern was a comfort, even among the meanest frustrations. But then came the intruders - first in the form of taunting poorwhite children who were bested only by the grandmother's dignity. But as the awful, unfathomable mystery of prejudice intruded, so did the unexpected joy of a surprise visit by Daddy, the sinful joy of going to Church, the disappointments of a Depression Christmas. A visit to St. Louis and the Most Beautiful Mother in the World ended in tragedy - rape. Thereafter Maya refused to speak, except to the person closest to her, Bailey. Eventually, Maya and Bailey followed their mother to California. There, the formative phase of her life (as well as this book) comes to a close with the painful discovery of the true nature of her father, the emergence of a hard-won independence and - perhaps most important - a baby, born out of wedlock, loved and kept. Superbly told, with the poet's gift for language and observation, and charged with the unforgetable emotion of remembered anguish and love - this remarkable autobiography by an equally remarkable black girl from Arkansas captures, indelibly, a world of which most Americans are shamefully ignorant.",10
9789352782772,The Diary of a Young Girl- Anne Frank,Anne Frank,True Sign Publishing House,English,2001,320,https://covers.openlibrary.org/b/id/13526331-M.jpg,"The Diary of a Young Girl, also known as The Diary of Anne Frank, is a book of the writings from the Dutch-language diary kept by Anne Frank while she was in hiding for two years with her family during the Nazi occupation of the Netherlands. The family was apprehended in 1944, and Anne Frank died of typhus in the Bergen-Belsen concentration camp in 1945. Anne's diaries were retrieved by Miep Gies and Bep Voskuijl. Miep gave them to Anne's father, Otto Frank, the family's only survivor, just after the Second World War was over.",10
9780316641067,Long Walk to Freedom,Nelson Mandela,"Nolwazi, A Macmillan company",English,1994,643,https://covers.openlibrary.org/b/id/12702407-M.jpg,"The riveting memoirs of the outstanding moral and political leader of our time, Long Walk to Freedom brilliantly recreates the drama of the experiences that helped shape Nelson Mandela's destiny. Emotive, compelling and uplifting, Long Walk to Freedom is the exhilarating story of an epic life; a story of hardship, resilience and ultimate triumph told with the clarity and eloquence of a born leader.",10
9780007346301,Open,Andre Agassi,Knopf Doubleday Publishing Group,English,2009,502,https://covers.openlibrary.org/b/id/6714053-M.jpg,"From Andre Agassi, one of the most beloved athletes in history and one of the most gifted men ever to step onto a tennis court, a beautiful, haunting autobiography. Agassi's incredibly rigorous training begins when he is just a child. By the age of thirteen, he is banished to a Florida tennis camp that feels like a prison camp. Lonely, scared, a ninth-grade dropout, he rebels in ways that will soon make him a 1980s icon. He dyes his hair, pierces his ears, dresses like a punk rocker. By the time he turns pro at sixteen, his new look promises to change tennis forever, as does his lightning-fast return. And yet, despite his raw talent, he struggles early on. We feel his confusion as he loses to the world's best, his greater confusion as he starts to win. After stumbling in three Grand Slam finals, Agassi shocks the world, and himself, by capturing the 1992 Wimbledon. Overnight he becomes a fan favorite and a media target. Agassi brings a near-photographic memory to every pivotal match and every relationship. Never before has the inner game of tennis and the outer game of fame been so precisely limned. Alongside vivid portraits of rivals from several generations--Jimmy Connors, Pete Sampras, Roger Federer--Agassi gives unstinting accounts of his brief time with Barbra Streisand and his doomed marriage to Brooke Shields. He reveals a shattering loss of confidence. And he recounts his spectacular resurrection, a comeback climaxing with his epic run at the 1999 French Open and his march to become the oldest man ever ranked number one.In clear, taut prose, Agassi evokes his loyal brother, his wise coach, his gentle trainer, all the people who help him regain his balance and find love at last with Stefanie Graf. Inspired by her quiet strength, he fights through crippling pain from a deteriorating spine to remain a dangerous opponent in the twenty-first and final year of his career. Entering his last tournament in 2006, he's hailed for completing a stunning metamorphosis, from nonconformist to elder statesman, from dropout to education advocate. And still he's not done. At a U.S. Open for the ages, he makes a courageous last stand, then delivers one of the most stirring farewells ever heard in a sporting arena. With its breakneck tempo and raw candor, *Open* will be read and cherished for years. A treat for ardent fans, it will also captivate readers who know nothing about tennis. Like Agassi's game, it sets a new standard for grace, style, speed, and power.",10
9780063211094,Finding Me,Viola Davis,HarperOne,English,2022,0,https://covers.openlibrary.org/b/id/12881450-M.jpg,"This is my story, from a crumbling apartment in Central Falls, Rhode Island, to the stage in New York City, and beyond. This is the path I took to finding my purpose but also my voice in a world that didn't always see me. As I wrote Finding Me, my eyes were open to the truth of how our stories are often not given close examination. We are forced to reinvent them to fit into a crazy, competitive, judgmental world. So I wrote this for anyone running through life untethered, desperate and clawing their way through murky memories, trying to get to some form of self-love. For anyone who needs reminding that a life worth living can only be born from radical honesty and the courage to shed facades and be... you.",10
9780747559849,Kitchen Confidential,Anthony Bourdain,Ecco,English,2000,320,https://covers.openlibrary.org/b/id/843879-M.jpg,"A celebrity chef shares anecdotes of his experience in the restaurant industry, and of his journey from dishwasher to a position of fame in the food industry.",10
9782277233619,A Brief History of Time,Stephen Hawking,Bantam Press,English,1988,241,https://covers.openlibrary.org/b/id/10432365-M.jpg,"Stephen Hawking's 'A Brief History of Time* has become an international publishing phenomenon. Translated into thirty languages, it has sold over ten million copies worldwide and lives on as a science book that continues to captivate and inspire new readers each year. When it was first published in 1988 the ideas discussed in it were at the cutting edge of what was then known about the universe. In the intervening twenty years there have been extraordinary advances in the technology of observing both the micro- and macro-cosmic world. Indeed, during that time cosmology and the theoretical sciences have entered a new golden age . Professor Hawking is one of the major scientists and thinkers to have contributed to this renaissance.",13
9781847922649,The Gene,Siddhartha Mukherjee|Dennis Boutsikaris,La Campana,English,2016,605,https://covers.openlibrary.org/b/id/11320163-M.jpg,"The Gene: An Intimate History is a book written by Siddhartha Mukherjee, an Indian-born American physician and oncologist. It was published on 17 May 2016 by Scribner. The book chronicles the history of the gene and genetic research, all the way from Aristotle to Crick, Watson and Franklin and then the 21st century scientists who mapped the human genome. The book discusses the power of genetics in determining people's well-being and traits. It delves into the personal genetic history of Siddhartha Mukherjee's family, including mental illness. However, it is also a cautionary message toward not letting genetic predispositions define a person or their fate, a mentality that the author says led to the rise of eugenics in history.",13
9780387086491,The Selfish Gene,Richard Dawkins,Scientific American,English,1976,352,https://covers.openlibrary.org/b/id/133936-M.jpg,"As influential today as when it was first published, The Selfish Gene has become a classic exposition of evolutionary thought. Professor Dawkins articulates a gene's eye view of evolution - a view giving centre stage to these persistent units of information, and in which organisms can be seen as vehicles for their replication. This imaginative, powerful, and stylistically brilliant work not only brought the insights of Neo-Darwinism to a wide audience, but galvanized the biology community, generating much debate and stimulating whole new areas of research. Forty years later, its insights remain as relevant today as on the day it was published. This 40th anniversary edition includes a new epilogue from the author discussing the continuing relevance of these ideas in evolutionary biology today, as well as the original prefaces and foreword, and extracts from early reviews. Oxford Landmark Science books are 'must-read' classics of modern science writing which have crystallized big ideas, and shaped the way we think.",13
9781501144318,Why We Sleep,Matthew P. Walker|Matthew Walker,Audible Studios,English,2017,360,https://covers.openlibrary.org/b/id/8814155-M.jpg,"With two appearances on CBS This Morning and Fresh Air's most popular interview of 2017, Matthew Walker has made abundantly clear that sleep is one of the most important but least understood aspects of our life. Until very recently, science had no answer to the question of why we sleep, or what good it served, or why we suffer such devastating health consequences when it is absent. Compared to the other basic drives in life—eating, drinking, and reproducing—the purpose of sleep remains more elusive. Within the brain, sleep enriches a diversity of functions, including our ability to learn, memorize, and make logical decisions. It recalibrates our emotions, restocks our immune system, fine-tunes our metabolism, and regulates our appetite. Dreaming creates a virtual reality space in which the brain melds past and current knowledge, inspiring creativity. In this compelling and utterly convincing"" (The Sunday Times) book", preeminent neuroscientist and sleep expert Matthew Walker provides a revolutionary exploration of sleep
9781508279327,The Emperor of All Maladies,Siddhartha Mukherjee|Nessa Carey,Taurus,English,2010,582,https://covers.openlibrary.org/b/id/11320203-M.jpg,"The Emperor of All Maladies: A Biography of Cancer is a book written by Siddhartha Mukherjee, an Indian-born American physician and oncologist. Published on 16 November 2010 by Scribner, it won the 2011 Pulitzer Prize for General Non-Fiction.",13
9782081481367,Astrophysics for People in a Hurry,Neil deGrasse Tyson|Sandra Martha Dolinsky|María del Carmen Román de la Peña,PLANETA,English,2017,209,https://covers.openlibrary.org/b/id/7984709-M.jpg,"A short book for almost all ages, it's simply astrophysics for people in a hurry, taught by acclaimed astrophysicist Neil deGrasse Tyson. This is a must-read for anyone who wants to know how the universe works!",13
9785389001220,"""Surely You're Joking, Mr. Feynman""",Richard Phillips Feynman|Ralph Leighton,Piper,English,1984,352,https://covers.openlibrary.org/b/id/9274698-M.jpg,"The biography of the physicist and Nobel prize winner Richard P. Feynman - a collection of short stories, chapters told to and written down by Ralph Leighton. Feynman tells of his childhood and youth and goes into his adult life, both personally and professionally.",13
9781400052189,The Immortal Life of Henrietta Lacks,Rebecca Skloot,Broadway Books,English,2009,381,https://covers.openlibrary.org/b/id/8364866-M.jpg,"Her name was Henrietta Lacks, but scientists know her as HeLa. She was a poor black tobacco farmer whose cells—taken without her knowledge in 1951—became one of the most important tools in medicine, vital for developing the polio vaccine, cloning, gene mapping, in vitro fertilization, and more. Henrietta's cells have been bought and sold by the billions, yet she remains virtually unknown, and her family can't afford health insurance. This New York Times bestseller takes readers on an extraordinary journey, from the ""colored"" ward of Johns Hopkins Hospital in the 1950s to stark white laboratories with freezers filled with HeLa cells, from Henrietta's small, dying hometown of Clover, Virginia, to East Baltimore today, where her children and grandchildren live and struggle with the legacy of her cells. The Immortal Life of Henrietta Lacks tells a riveting story of the collision between ethics, race, and medicine; of scientific discovery and faith healing; and of a daughter consumed with questions about the mother she never knew. It's a story inextricably connected to the dark history of experimentation on African Americans, the birth of bioethics, and the legal battles over whether we control the stuff we're made of.",13
9780143110910,Behave,Robert M. Sapolsky,Bodley Head Adults,English,2017,795,https://covers.openlibrary.org/b/id/8814831-M.jpg,"Why do we do the things we do? Over a decade in the making, this game-changing book is Robert Sapolsky's genre-shattering attempt to answer that question as fully as perhaps only he could, looking at it from every angle. Sapolsky's storytelling concept is delightful but it also has a powerful intrinsic logic: he starts by looking at the factors that bear on a person's reaction in the precise moment a behavior occurs, and then hops back in time from there, in stages, ultimately ending up at the deep history of our species and its genetic inheritance. And so the first category of explanation is the neurobiological one. What goes on in a person's brain a second before the behavior happens? Then he pulls out to a slightly larger field of vision, a little earlier in time: What sight, sound, or smell triggers the nervous system to produce that behavior? And then, what hormones act hours to days earlier to change how responsive that individual is to the stimuli which trigger the nervous system? By now, he has increased our field of vision so that we are thinking about neurobiology and the sensory world of our environment and endocrinology in trying to explain what happened. Sapolsky keeps going--next to what features of the environment affected that person's brain, and then back to the childhood of the individual, and then to their genetic makeup. Finally, he expands the view to encompass factors larger than that one individual. How culture has shaped that individual's group, what ecological factors helped shape that culture, and on and on, back to evolutionary factors thousands and even millions of years old. The result is one of the most dazzling tours de horizon of the science of human behavior ever attempted, a majestic synthesis that harvests cutting-edge research across a range of disciplines to provide a subtle and nuanced perspective on why we ultimately do the things we do...for good and for ill. Sapolsky builds on this understanding to wrestle with some of our deepest and thorniest questions relating to tribalism and xenophobia, hierarchy and competition, morality and free will, and war and peace. Wise, humane, often very funny, Behave is a towering achievement, powerfully humanizing, and downright heroic in its own right.",13
9781984818447,Unbroken,Laura Hillenbrand,Ballantine Books,English,2010,500,https://covers.openlibrary.org/b/id/6668103-M.jpg,"On a May afternoon in 1943, an Army Air Forces bomber crashed into the Pacific Ocean and disappeared, leaving only a spray of debris and a slick of oil, gasoline, and blood. Then, on the ocean surface, a face appeared. It was that of a young lieutenant, the plane's bombardier, who was struggling to a life raft and pulling himself aboard. So began one of the most extraordinary odysseys of the Second World War. The lieutenant's name was Louis Zamperini. In boyhood, he'd been a cunning and incorrigible delinquent, breaking into houses, brawling, and fleeing his home to ride the rails. As a teenager, he had channeled his defiance into running, discovering a prodigious talent that had carried him to the Berlin Olympics and within sight of the four-minute mile. But when war had come, the athlete had become an airman, embarking on a journey that led to his doomed flight, a tiny raft, and a drift into the unknown. Ahead of Zamperini lay thousands of miles of open ocean, leaping sharks, a foundering raft, thirst and starvation, enemy aircraft, and, beyond, a trial even greater. Driven to the limits of endurance, Zamperini would answer desperation with ingenuity; suffering with hope, resolve, and humor; brutality with rebellion. His fate, whether triumph or tragedy, would be suspended on the fraying wire of his will.",14
9780375725609,The Devil in the White City,Erik Larson,Fischer Scherz,English,2003,496,https://covers.openlibrary.org/b/id/541027-M.jpg,"From back cover: Bringing Chicago circa 1893 to vivid life, Erik Larson's spell-binding bestseller intertwines the true tale of two men - the brilliant architect behind the legendary 1893 World's Fair, striving to secure America's place in the world; and the cunning serial killer who used the fair to lure his victims to their death. Combining meticulous research with nail-biting storytelling, Erik Larson has crafted a narrative with all the wonder of newly discovered history and the thrills of the best fiction.",14
9780553551624,Dead Wake,Erik Larson,Transworld Publishers Limited,English,2015,448,https://covers.openlibrary.org/b/id/7317226-M.jpg,"It is a story that many of us think we know but don't, and Erik Larson tells it thrillingly, switching between hunter and hunted while painting a larger portrait of America at the height of the Progressive Era. Full of glamour and suspense, Dead Wake brings to life a cast of evocative characters, from famed Boston bookseller Charles Lauriat to pioneering female architect Theodate Pope to President Woodrow Wilson, a man lost to grief, dreading the widening war but also captivated by the prospect of new love.",14
9788490061626,The Guns of August,Barbara Tuchman,"Little, Brown Book Group Limited",English,1962,575,https://covers.openlibrary.org/b/id/6616967-M.jpg,"Published to immediate acclaim in 1962 and the winner of the Pulitzer Prize in 1963, The Guns of August is the classic account of the cataclysmic outbreak of World War I in 1914 and the 30 days of battle that followed. This opening clash determined the future course of the war and shaped the history of our century. Its tense drama continues to enthrall readers of Barbara W. Tuchman's magnificent best-selling work, now in 25th anniversary edition with a new preface by the author. In the summer of 1914, Europe with a heap of swords piled as delicately as jackstraws, and not one could be drawn out without upsetting the others. Still, statesmen, field marshals, admirals, kings, and patriots believed what they wanted to believe -- or what they feared not to believe -- and waited in profound ignorance for victory to reveal itself within a matter of weeks. Instead, the holocaust of August was the prelude to 4 bitter years of deadlocked war that cost a generation of European lives. The German, French, English, and Russian General Staffs had had their plans for war completed as early as 10 years before hostilities began. Germany intended to invade France; England had committed her army to cooperation with the French Army. France, bolstered by her alliance with Russia and her ""entente"" with Britain, designed her strategy in terms solely of the offensive and the attaque brusqueée. Russia planned a pincer invasion of East Prussia while the main German armies were involved in the West. None of these plans allowed for the contingencies of the others, or recognized their own intrinsic errors. Yet for perhaps five years before the war began, each General Staff knew what the others would do; all that was planned. The bloody catalogue of the battles of August 1914 includes the almost mythic names of Liège, Tannenberg, Mons, the Battle of the Frontiers, and Charleroi. And of men like Joffre, indomitably rebuilding his shattered French armies; Samsonov dying a suicide after the annihilation of the Russian 2nd Army; von Kluck stubbornly committing his fatal mistake; Admiral Souchon choosing his desperate and fateful course for Constantinople. Through her unforgettable portraits of these characters and many others, Mrs. Tuchman has made her book doubly exciting -- revealing the human reasons for the disasters of war.",14
9781664631632,Team of Rivals,Doris Kearns Goodwin,Penguin Books,English,2003,916,https://covers.openlibrary.org/b/id/9286949-M.jpg,"Team of Rivals: The Political Genius of Abraham Lincoln is a 2005 book by Pulitzer Prize-winning American historian Doris Kearns Goodwin, published by Simon & Schuster. The book is a biographical portrait of U.S. President Abraham Lincoln and some of the men who served with him in his cabinet from 1861 to 1865. Three of his Cabinet members had previously run against Lincoln in the 1860 election: Attorney General Edward Bates, Secretary of the Treasury Salmon P. Chase and Secretary of State William H. Seward. The book focuses on Lincoln's mostly successful attempts to reconcile conflicting personalities and political factions on the path to abolition and victory in the American Civil War. Goodwin's sixth book, Team of Rivals was well received by critics and won the 2006 Lincoln Prize and the inaugural Book Prize for American History of the New-York Historical Society. US President Barack Obama cited it as one of his favorite books and was said to have used it as a model for constructing his own cabinet, although he later wrote this was not the reason he chose Hillary Clinton as his Secretary of State. In 2012, a Steven Spielberg film based on the book was released to critical acclaim.",14
9780743226721,1776,David McCullough,Simon & Schuster Paperbacks,English,2006,386,https://covers.openlibrary.org/b/id/8331093-M.jpg,"Chronicles the American Revolution during the year 1776, examining the leadership of George Washington and British commander William Howe and the experiences of American and British troops.",14
9781476728742,The Wright Brothers,David McCullough,Simon & Schuster,English,2015,368,https://covers.openlibrary.org/b/id/7317364-M.jpg,"Two-time winner of the Pulitzer Prize David McCullough tells the dramatic story of the courageous brothers who taught the world how to fly. On a winter day in 1903, on the remote Outer Banks of North Carolina, two unknown brothers from Ohio, Wilbur and Orville Wright, changed history. The age of flight had begun with the first heavier-than-air powered machine carrying a pilot. Far more than a couple of Dayton bicycle mechanics who happened to hit on success, the Wright brothers were men of exceptional ability, unyielding determination, and far-ranging intellectual interest and curiosity, much of which they attributed to their upbringing. They grew up without electricity or indoor plumbing, but with books aplenty, supplied mainly by their preacher father. And they never stopped learning. Nor did their high-spirited, devoted sister, Katharine, who played a far more important role in their endeavors than has been generally understood. When the brothers worked together, no problem seemed insurmountable. Wilbur, the older of the two, was unquestionably a genius. Orville had such mechanical ingenuity as few people had ever seen. Nothing stopped them in their ""mission,"" not failures, not ridicule, not even the reality that every time they took off in one of their experimental contrivances, they risked being killed. In this thrilling book master historian David McCullough draws on the immense riches of the Wright Papers, including private diaries, notebooks, and more than a thousand letters from private family correspondence, to tell the human side of a profoundly American story.",14
9780609610626,Genghis Khan and the Making of the Modern World,Jack Weatherford,Crown Publishing Group,English,2004,352,https://covers.openlibrary.org/b/id/390818-M.jpg,"The name Genghis Khan often conjures the image of a relentless, bloodthirsty barbarian on horseback leading a ruthless band of nomadic warriors in the looting of the civilized world. But the surprising truth is that Genghis Khan was a visionary leader whose conquests joined backward Europe with the flourishing cultures of Asia to trigger a global awakening, an unprecedented explosion of technologies, trade, and ideas. In Genghis Khan and the Making of the Modern World, Jack Weatherford, the only Western scholar ever to be allowed into the Mongols' ""Great Taboo""--Genghis Khan's homeland and forbidden burial site--tracks the astonishing story of Genghis Khan and his descendants, and their conquest and transformation of the world. Fighting his way to power on the remote steppes of Mongolia, Genghis Khan developed revolutionary military strategies and weaponry that emphasized rapid attack and siege warfare, which he then brilliantly used to overwhelm opposing armies in Asia, break the back of the Islamic world, and render the armored knights of Europe obsolete. Under Genghis Khan, the Mongol army never numbered more than 100,000 warriors, yet it subjugated more lands and people in twenty-five years than the Romans conquered in four hundred. With an empire that stretched from Siberia to India, from Vietnam to Hungary, and from Korea to the Balkans, the Mongols dramatically redrew the map of the globe, connecting disparate kingdoms into a new world order. But contrary to popular wisdom, Weatherford reveals that the Mongols were not just masters of conquest, but possessed a genius for progressive and benevolent rule. On every level and from any perspective, the scale and scope of Genghis Khan's accomplishments challenge the limits of imagination. Genghis Khan was an innovative leader, the first ruler in many conquered countries to put the power of law above his own power, encourage religious freedom, create public schools, grant diplomatic immunity, abolish torture, and institute free trade. The trade routes he created became lucrative pathways for commerce, but also for ideas, technologies, and expertise that transformed the way people lived. The Mongols introduced the first international paper currency and postal system and developed and spread revolutionary technologies like printing, the cannon, compass, and abacus. They took local foods and products like lemons, carrots, noodles, tea, rugs, playing cards, and pants and turned them into staples of life around the world. The Mongols were the architects of a new way of life at a pivotal time in history.",14
9781956000689,The Name of the Wind,Patrick Rothfuss|Marc Simonetti,DAW Books,English,2007,736,https://covers.openlibrary.org/b/id/11480483-M.jpg,"***The Name of the Wind***, also called ***The Kingkiller Chronicle: Day One***, is a heroic fantasy novel written by American author Patrick Rothfuss. It is the first book in the ongoing fantasy trilogy ***The Kingkiller Chronicle***. It was published on March 27, 2007, by DAW Books, the novel has been hailed as a masterpiece of high fantasy. The story begins the tale of Kvothe (pronounced ""quothe""), a young man who becomes the most notorious magician his world has ever known. Kvothe narrates his own journey, from his childhood in a troupe of traveling players to his years as a near-feral orphan in a crime-ridden city, and his daring entrance into a prestigious and perilous school of magic.",2
9783453317109,The Way of Kings,Brandon Sanderson,Fanucci,English,2010,1008,https://covers.openlibrary.org/b/id/14658316-M.jpg,"Widely acclaimed for his work completing Robert Jordan's Wheel of Time saga, Brandon Sanderson now begins a grand cycle of his own, one every bit as ambitious and immersive. Roshar is a world of stone and storms. Uncanny tempests of incredible power sweep across the rocky terrain so frequently that they have shaped ecology and civilization alike. Animals hide in shells, trees pull in branches, and grass retracts into the soilless ground. Cities are built only where the topography offers shelter. It has been centuries since the fall of the ten consecrated orders known as the Knights Radiant, but their Shardblades and Shardplate remain: mystical swords and suits of armor that transform ordinary men into near-invincible warriors. Men trade kingdoms for Shardblades. Wars are fought for them, and won by them. One such war rages on a ruined landscape called the Shattered Plains. There, Kaladin, who traded his medical apprenticeship for a spear, has been reduced to slavery. In a war that makes no sense, where ten armies fight separately against a single foe, he struggles to save his men and to fathom the leaders who consider them expendable. Brightlord Dalinar Kholin commands one of those other armies. Like his brother, the late king, he is fascinated by an ancient text called The Way of Kings. Troubled by overpowering visions of ancient times and the Knights Radiant, he has begun to doubt his own sanity.",2
9780613913386,American Gods,Neil Gaiman,Roca Editorial,English,2001,576,https://covers.openlibrary.org/b/id/8494659-M.jpg,"American Gods (2001) is a fantasy novel by British author Neil Gaiman. The novel is a blend of Americana, fantasy, and various strands of ancient and modern mythology, all centering on the mysterious and taciturn Shadow.",2
9780062934918,Good Omens,Neil Gaiman|Terry Pratchett,UNKNO,English,1990,400,https://covers.openlibrary.org/b/id/10482258-M.jpg,"Armageddon only happens once, you know. They don't let you go around again until you get it right. According to the Nice and Accurate Prophecies of Agnes Nutter, Witch - the world's only totally reliable guide to the future, written in 1655, before she exploded - the world will end on a Saturday. Next Saturday, in fact. Just after tea... People have been predicting the end of the world almost from its very beginning, so it's only natural to be sceptical when a new date is set for Judgement Day. This time though, the armies of Good and Evil really do appear to be massing. The four Bikers of the Apocalypse are hitting the road. But both the angels and demons - well, one fast-living demon and a somewhat fussy angel - would quite like the Rapture not to happen. Oh, and someone seems to have misplaced the Antichrist...",2
9780307947857,The Night Circus,Erin Morgenstern,Random House Export Editions,English,2011,512,https://covers.openlibrary.org/b/id/8773134-M.jpg,"The circus arrives without warning. No announcements precede it. It is simply there, when yesterday it was not. Within the black-and-white striped canvas tents is an utterly unique experience full of breathtaking amazements. It is called Le Cirque des Rêves, and it is only open at night. But behind the scenes, a fierce competition is underway—a duel between two young magicians, Celia and Marco, who have been trained since childhood expressly for this purpose by their mercurial instructors. Unbeknownst to them, this is a game in which only one can be left standing, and the circus is but the stage for a remarkable battle of imagination and will. Despite themselves, however, Celia and Marco tumble headfirst into love—a deep, magical love that makes the lights flicker and the room grow warm whenever they so much as brush hands. True love or not, the game must play out, and the fates of everyone involved, from the cast of extraordinary circus per formers to the patrons, hang in the balance, suspended as precariously as the daring acrobats overhead.",2
9786051869346,Shadow and Bone,Leigh Bardugo,Carlsen,English,2012,352,https://covers.openlibrary.org/b/id/13816048-M.jpg,"Orphaned by the Border Wars, Alina Starkov is taken from obscurity and her only friend, Mal, to become the protegé of the mysterious Darkling, who trains her to join the magical elite in the belief that she is the Sun Summoner, who can destroy the monsters of the Fold.",2
9781536439427,Six of Crows,Leigh Bardugo,Henry Holt and Co.,English,2015,512,https://covers.openlibrary.org/b/id/12667417-M.jpg,"BOOK ONE of the Six of Crows Duology. Six of Crows is a fantasy novel written by the Israeli-American author Leigh Bardugo published by Henry Holt and Co. in 2015. The story follows a thieving crew and is primarily set in the city of Ketterdam, loosely inspired by Dutch Republic-era Amsterdam. The plot is told from third-person viewpoints of seven different characters.",2
9788408257103,A Court of Thorns and Roses,Sarah J. Maas,Bloomsbury,English,2013,451,https://covers.openlibrary.org/b/id/8738585-M.jpg,"When nineteen-year-old huntress Feyre kills a wolf in the woods, a terrifying creature arrives to demand retribution. Dragged to a treacherous magical land she knows about only from legends, Feyre discovers that her captor is not truly a beast, but one of the lethal, immortal faeries who once ruled her world. At least, he's not a beast all the time. As she adapts to her new home, her feelings for the faerie, Tamlin, transform from icy hostility into a fiery passion that burns through every lie she's been told about the beautiful, dangerous world of the Fae. But something is not right in the faerie lands. An ancient, wicked shadow is growing, and Feyre must find a way to stop it, or doom Tamlin-and his world-forever.",2
9781619630345,Throne of Glass,Sarah J. Maas,Dex Yayinevi,English,2012,432,https://covers.openlibrary.org/b/id/13312488-M.jpg,"Lethal. Loyal. Legendary. Enter the world of Throne of Glass with the first book in the #1 bestselling series by Sarah J. Maas. In a land without magic, an assassin is summoned to the castle. She has no love for the vicious king who rules from his throne of glass, but she has not come to kill him. She has come to win her freedom. If she defeats twenty-three murderers, thieves, and warriors in a competition, she will be released from prison to serve as the King's Champion.",2
9781955876162,The Cruel Prince,Holly Black,Holly black,English,2018,370,https://covers.openlibrary.org/b/id/8361789-M.jpg,"JUDE WAS SEVEN WHEN HER PARENTS were murdered and she and her two sisters were stolen away to live in the treacherous High Court of Faerie. Ten years later, Jude wants nothing more than to belong there, despite her mortality. But many of the fey despise humans. Especially Prince Cardan, the youngest and wickedest son of the High King. To win a place at the Court, she must defy him--and face the consequences. As Jude becomes more deeply embroiled in palace intrigues and deceptions, she discovers her own capacity for trickery and bloodshed. But as betrayal threatens to drown the Courts of Faerie in violence, Jude will need to risk her life in a dangerous alliance to save her sisters, and Faerie itself.",2
9780316556323,Circe,Madeline Miller,Dwarsligger,English,2018,404,https://covers.openlibrary.org/b/id/8739376-M.jpg,"In the house of Helios, god of the sun and mightiest of the Titans, a daughter is born. But Circe is a strange child--not powerful, like her father, nor viciously alluring like her mother. Turning to the world of mortals for companionship, she discovers that she does possess power--the power of witchcraft, which can transform rivals into monsters and menace the gods themselves. Threatened, Zeus banishes her to a deserted island, where she hones her occult craft, tames wild beasts and crosses paths with many of the most famous figures in all of mythology, including the Minotaur, Daedalus and his doomed son Icarus, the murderous Medea, and, of course, wily Odysseus.",2
9789603649823,The Song of Achilles,Madeline Miller,Bloomsbury Publishing PLC,English,2011,385,https://covers.openlibrary.org/b/id/7098465-M.jpg,This is the story of the seige of Troy from the perspective of Achilles best-friend Patroclus. Although Patroclus is outcast from his home for disappointing his father he manages to be the only mortal who can keep up with the half-God Achilles. Even though many will know the facts behind the story the telling is fresh and engaging.,2
9780575099043,Words of Radiance,Brandon Sanderson,"Orion Publishing Group, Limited",English,2012,1088,https://covers.openlibrary.org/b/id/14658334-M.jpg,"The eagerly awaited sequel to the New York Times bestselling The Way of Kings. Six years ago, the Assassin in White, a hireling of the inscrutable Parshendi, assassinated the Alethi king on the very night a treaty between men and Parshendi was being celebrated. So began the Vengeance Pact among the highprinces of Alethkar and the War of Reckoning against the Parshendi. Now the Assassin is active again, murdering rulers all over the world, using his baffling powers to thwart every bodyguard and elude all pursuers. Among his prime targets is Highprince Dalinar, widely considered the power behind the Alethi throne.",2
9781526612861,The Priory of the Orange Tree,Samantha Shannon,Penguin Random House Grupo Editorial,English,2018,848,https://covers.openlibrary.org/b/id/8802446-M.jpg,"A world divided. A queendom without an heir. An ancient enemy awakens. The House of Berethnet has ruled Inys for a thousand years. Still unwed, Queen Sabran the Ninth must conceive a daughter to protect her realm from destruction. Ead Duryan is an outsider at court. Though she has risen to the position of lady-in-waiting, she is loyal to a hidden society of mages. Ead keeps a watchful eye on Sabran, secretly protecting her with forbidden magic. Across the dark sea, Tané has trained to be a dragonrider since she was a child, but is forced to make a choice that could see her life unravel.",2
9781250301703,The Silent Patient,Alex Michaelides,Droemer eBook,English,2018,352,https://covers.openlibrary.org/b/id/9407338-M.jpg,"Alicia Berenson's life is seemingly perfect. One evening her husband Gabriel returns home late from a fashion shoot, and Alicia shoots him five times in the face, and then never speaks another word. Alicia's refusal to talk, or give any kind of explanation, turns a domestic tragedy into something far grander, a mystery that captures the public imagination and casts Alicia into notoriety. The price of her art skyrockets, and she, the silent patient, is hidden away from the tabloids and spotlight at the Grove, a secure forensic unit in North London. Theo Faber is a criminal psychotherapist who has waited a long time for the opportunity to work with Alicia. His determination to get her to talk and unravel the mystery of why she shot her husband takes him down a twisting path into his own motivations–a search for the truth that threatens to consume him.",6
9781524754686,Big Little Lies,Liane Moriarty,G.P. Putnam's Sons,English,2014,512,https://covers.openlibrary.org/b/id/7352410-M.jpg,"Pirriwee Public is a beautiful little beachside primary school where children are taught that 'sharing is caring.' So how has the annual School Trivia Night ended in full-blown riot? Sirens are wailing. People are screaming. The principal is mortified. And one parent is dead. Was it a murder, a tragic accident or just good parents gone bad? As the parents at Pirriwee Public are about to discover, sometimes it's the little lies that turn out to be the most lethal.",5
9783423147231,Little Fires Everywhere,Celeste Ng,Penguin Publishing Group,English,2014,384,https://covers.openlibrary.org/b/id/8111914-M.jpg,"In Shaker Heights, a placid, progressive suburb of Cleveland, everything is planned. And no one embodies this spirit more than Elena Richardson, whose guiding principle is playing by the rules. Enter Mia Warren - an enigmatic artist and single mother - who arrives in this idyllic bubble with her teenaged daughter Pearl, and rents a house from the Richardsons. Soon Mia and Pearl become more than tenants: all four Richardson children are drawn to the mother-daughter pair. But Mia carries with her a mysterious past and a disregard for the status quo that threatens to upend this carefully ordered community.",5
9781474037945,Behind Closed Doors,B.A. Paris,Cengage Gale,English,2016,336,https://covers.openlibrary.org/b/id/9802299-M.jpg,"The perfect marriage? Or the perfect lie? Everyone knows a couple like Jack and Grace. He has looks and wealth, she has charm and elegance. You might not want to like them, but you do. You'd like to get to know Grace better. But it's difficult, because you realise Jack and Grace are never apart. Some might call this true love. Others might ask why Grace never answers the phone. Or how she can never meet for coffee, even though she doesn't work. How she can cook such elaborate meals but remain so slim. And why there are bars on one of the bedroom windows.",6
9780340937969,In the Woods,Tana French,Hodder & Stoughton,English,2001,578,https://covers.openlibrary.org/b/id/1474730-M.jpg,"A gorgeously written novel that marks the debut of an astonishing new voice in psychological suspense. As dusk approaches a small Dublin suburb in the summer of 1984, mothers begin to call their children home. But on this warm evening, three children do not return from the dark and silent woods. When the police arrive, they find only one of the children gripping a tree trunk in terror, wearing blood-filled sneakers, and unable to recall a single detail of the previous hours. Twenty years later, the found boy, Rob Ryan, is a detective on the Dublin Murder Squad and keeps his past a secret. But when a twelve-year-old girl is found murdered in the same woods, he and Detective Cassie Maddox find themselves investigating a case chillingly similar to the previous unsolved mystery.",5
9780525590156,The Couple Next Door,Shari Lapena,Penguin Audio,English,2016,336,https://covers.openlibrary.org/b/id/8466573-M.jpg,"It all started at a dinner party... A domestic suspense debut about a young couple and their apparently friendly neighbors. Anne and Marco Conti seem to have it all—a loving relationship, a wonderful home, and their beautiful baby, Cora. But one night, when they are at a dinner party next door, a terrible crime is committed. Suspicion immediately lands on the parents. But the truth is a much more complicated story. Inside the curtained house, an unsettling account of what actually happened unfolds. Detective Rasbach knows that the panicked couple is hiding something.",6
9781984880970,The Thursday Murder Club,Richard Osman,Ψυχογιός,English,2020,382,https://covers.openlibrary.org/b/id/10201431-M.jpg,"In a peaceful retirement village, four unlikely friends meet weekly in the Jigsaw Room to discuss unsolved crimes; together they call themselves The Thursday Murder Club. When a local developer is found dead with a mysterious photograph left next to the body, the Thursday Murder Club suddenly find themselves in the middle of their first live case. As the bodies begin to pile up, can our unorthodox but brilliant gang catch the killer, before it's too late?",5
9781408727034,Verity,Colleen Hoover,Epsilon Yayınevi,English,2018,343,https://covers.openlibrary.org/b/id/8747160-M.jpg,"Lowen Ashleigh is a struggling writer on the brink of financial ruin when she accepts the job offer of a lifetime. Jeremy Crawford, husband of bestselling author Verity Crawford, has hired Lowen to complete the remaining books in a successful series his injured wife is unable to finish. Lowen arrives at the Crawford home, ready to sort through years of Verity's notes and outlines, hoping to find enough material to get her started. What Lowen doesn't expect to uncover in the chaotic office is an unfinished autobiography Verity never intended for anyone to read. Page after page of bone-chilling admissions, including Verity's recollection of the night her family was forever altered.",6
9781471156267,It Ends With Us,Colleen Hoover,ccrv,English,2012,384,https://covers.openlibrary.org/b/id/10473609-M.jpg,"Lily hasn't always had it easy, but that's never stopped her from working hard for the life she wants. She's come a long way from the small town where she grew up—she graduated from college, moved to Boston, and started her own business. And when she feels a spark with a gorgeous neurosurgeon named Ryle Kincaid, everything in Lily's life seems too good to be true. Ryle is assertive, stubborn, maybe even a little arrogant. He's also sensitive, brilliant, and has a total soft spot for Lily. And the way he looks in scrubs certainly doesn't hurt. As questions about her new relationship overwhelm her, so do thoughts of Atlas Corrigan—her first love and a link to the past she left behind.",1
9781508284987,November 9,Colleen Hoover,Simon & Schuster,English,2015,320,https://covers.openlibrary.org/b/id/9219001-M.jpg,"Fallon meets Ben, an aspiring novelist, the day before her scheduled cross-country move. Their untimely attraction leads them to spend Fallon's last day in L.A. together, and her eventful life becomes the creative inspiration Ben has always sought for his novel. Over time and amidst the various relationships and tribulations of their own separate lives, they continue to meet on the same date every year. Until one day Fallon becomes unsure if Ben has been telling her the truth or fabricating a perfect reality for the sake of the ultimate plot twist.",1
9788501105738,Ugly Love,Colleen Hoover,Galera Record,English,2014,344,https://covers.openlibrary.org/b/id/12856728-M.jpg,"When Tate Collins finds airline pilot Miles Archer passed out in front of her apartment door, it is definitely not love at first sight. They wouldn't even go so far as to consider themselves friends. But what they do have is an undeniable mutual attraction. He doesn't want love and she doesn't have time for a relationship, but their chemistry cannot be ignored. Once their desires are out in the open, they realize they have the perfect set-up, as long as Tate can stick to two rules: Never ask about the past and don't expect a future.",1
9780062439598,The Hating Game,Sally Thorne,PIATKUS,English,2016,379,https://covers.openlibrary.org/b/id/9247684-M.jpg,"For Lucy Hutton and Joshua Templeman, executive assistants to the CEOs of newly merged Bexley-Gamin Publishing, it's hate-at-first-sight. So begins a series of daily passive-aggressive maneuvers, including the staring game, the mirror game, and the HR game, each played with the intensity of the Hunger Games. Their mutual antipathy grows when a new executive position opens at Bexley-Gamin, and both their bosses put their names up for the promotion. Then, the high-stakes games begin!",1
9780593336120,Beach Read,Emily Henry,"Editorial Planeta, S. A.",English,2020,376,https://covers.openlibrary.org/b/id/9426296-M.jpg,"A romance writer who no longer believes in love and a literary writer stuck in a rut engage in a summer-long challenge that may just upend everything they believe about happily ever afters. Augustus Everett is an acclaimed author of literary fiction. January Andrews writes bestselling romance. When she pens a happily ever after, he kills off his entire cast. They're polar opposites. In fact, the only thing they have in common is that for the next three months, they're living in neighboring beach houses, broke, and bogged down with writer's block.",1
9780241992234,People We Meet On Vacation,Emily Henry,Epsilon Yayinevi,English,2021,480,https://covers.openlibrary.org/b/id/10476782-M.jpg,"Poppy and Alex. Alex and Poppy. They have nothing in common. She's a wild child; he wears khakis. She has insatiable wanderlust; he prefers to stay home with a book. And somehow, ever since a fateful car share home from college many years ago, they are the very best of friends. For most of the year they live far apart--she's in New York City, and he's in their small hometown--but every summer, for a decade, they have taken one glorious week of vacation together. Until two years ago, when they ruined everything.",1
9789044366365,Book Lovers,Emily Henry,Thorndike Press,English,2022,408,https://covers.openlibrary.org/b/id/11567819-M.jpg,"Nora Stephens has spent her life being the kind of woman who fixes things for the people she loves. And now she's headed to Sunshine Falls, a small town straight out of a romance novel. The only thing missing is a love interest. Until she bumps into her city nemesis, Charlie Lastra, a bookish editor who is just as infuriating in person as he is over email.",1
9798705893843,The Spanish Love Deception,Elena Armas,Simon & Schuster Audio and Blackstone Publishing,English,2021,480,https://covers.openlibrary.org/b/id/14425253-M.jpg,"Catalina Martín desperately needs a date to her sister's wedding. Especially since her little white lie about her American boyfriend has spiralled out of control. Now everyone she knows—including her ex and his fiancée—will be there and eager to meet him. She only has four weeks to find someone willing to cross the Atlantic and aid in her deception. Enter Aaron Blackford—her tall, handsome, condescending colleague—who surprisingly offers to step in.",1
9781945631832,Things We Never Got Over,Lucy Score,Center Point,English,2022,500,https://covers.openlibrary.org/b/id/14418599-M.jpg,"Bearded, bad-boy barber Knox prefers to live his life the way he takes his coffee: Alone. Unless you count his basset hound, Waylon. Knox doesn't tolerate drama, even when it comes in the form of a stranded runaway bride. Naomi wasn't just running away from her wedding. She was riding to the rescue of her estranged twin to Knockemout, Virginia, a rough-around-the-edges town where disputes are settled the old-fashioned way. Too bad for Naomi her evil twin hasn't changed at all.",1
9780593638446,Happy Place,Emily Henry,Thorndike Press,English,2023,400,https://covers.openlibrary.org/b/id/13233403-M.jpg,"A couple who broke up months ago make a pact to pretend to still be together for their annual weeklong vacation with their best friends. Harriet and Wyn have been the perfect couple since they met in college. Except, now they don't. They broke up six months ago. And still haven't told their best friends. Which is how they find themselves sharing a bedroom at the Maine cottage that has been their friend group's yearly getaway for the last decade.",1
9780593135204,Project Hail Mary,Andy Weir,Ballantine Books,English,2021,496,https://covers.openlibrary.org/b/id/11200092-M.jpg,"Ryland Grace is the sole survivor on a desperate, last-chance mission–and if he fails, humanity and the earth itself will perish. Except that right now, he doesn't know that. He can't even remember his own name, let alone the nature of his assignment or how to complete it. All he knows is that he's been asleep for a very, very long time. And he's just been awakened to find himself millions of miles from home, with nothing but two corpses for company.",3
9789045207957,The Martian,Andy Weir,Ebury Publishing,English,2011,407,https://covers.openlibrary.org/b/id/11447888-M.jpg,"The Martian is a 2011 science fiction novel written by Andy Weir. It was his debut novel under his own name. It was originally self-published in 2011; Crown Publishing purchased the rights and re-released it in 2014. The story follows an American astronaut, Mark Watney, as he becomes stranded alone on Mars in 2035 and must improvise in order to survive.",3
9780765362339,Ender's Game,Orson Scott Card,天下雜誌股份有限公司,English,1985,330,https://covers.openlibrary.org/b/id/12996033-M.jpg,"Ender's Game is a 1985 military science fiction novel by American author Orson Scott Card. Set at an unspecified date in Earth's future, the novel presents an imperiled humankind after two conflicts with the Formics, an insectoid alien species they dub the ""buggers."" In preparation for an anticipated third invasion, children, including the novel's protagonist, Andrew ""Ender"" Wiggin, are trained from a very young age by putting them through increasingly difficult games, including some in zero gravity, where Ender's tactical genius is revealed.",3
9788804686521,The Dark Forest,刘慈欣,Actes Sud,English,2008,574,https://covers.openlibrary.org/b/id/10526598-M.jpg,"In The Dark Forest, Earth is reeling from the revelation of a coming alien invasion-in just four centuries' time. The aliens' human collaborators may have been defeated, but the presence of the sophons, the subatomic particles that allow Trisolaris instant access to all human information, means that Earth's defense plans are totally exposed to the enemy. Only the human mind remains a secret. This is the motivation for the Wallfacer Project, a daring plan that grants four men enormous resources to design secret strategies.",3
9788416858217,Dark Matter,Blake Crouch,Macmillan,English,2016,360,https://covers.openlibrary.org/b/id/7436634-M.jpg,"One night after an evening out, Jason Dessen, forty-year-old physics professor living with his wife and son in Chicago, is kidnapped at gunpoint by a masked man, driven to an abandoned industrial site and injected with a powerful drug. As he wakes, a man Jason's never met smiles down at him and says, ""Welcome back, my friend."" But this life is not the one he knows.",3
9781524759780,Recursion,Blake Crouch,Knopf Doubleday Publishing Group,English,2019,352,https://covers.openlibrary.org/b/id/8748478-M.jpg,Memory makes reality. That's what New York City cop Barry Sutton is learning as he investigates the devastating phenomenon the media has dubbed False Memory Syndrome—a mysterious affliction that drives its victims mad with memories of a life they never lived. That's what neuroscientist Helena Smith believes. It's why she's dedicated her life to creating a technology that will let us preserve our most precious memories.,3
9780307887436,Ready Player One,Ernest Cline,Q,English,2008,462,https://covers.openlibrary.org/b/id/8737626-M.jpg,"In the year 2044, reality is an ugly place. The only time teenage Wade Watts really feels alive is when he's jacked into the virtual utopia known as the OASIS. Wade's devoted his life to studying the puzzles hidden within this world's digital confines--puzzles that are based on their creator's obsession with the pop culture of decades past and that promise massive power and fortune to whoever can unlock them.",3
9781476735115,Wool,Hugh Howey,"Penguin Books, Limited",English,2011,544,https://covers.openlibrary.org/b/id/14369537-M.jpg,"They live beneath the earth in a prison of their own making. There is a view of the outside world, a spoiled and rotten world, their forefathers left behind. But this view fades over time, ruined by the toxic airs that kill any who brave them. So they leave it to the criminals, those who break the rules, and who are sent to cleaning. Why do they do it, these people condemned to death?",3
9782743637552,Station Eleven,Emily St. John Mandel,Subterranean,English,2014,352,https://covers.openlibrary.org/b/id/7369961-M.jpg,"One snowy night Arthur Leander, a famous actor, has a heart attack onstage during a production of King Lear. Jeevan Chaudhary, a paparazzo-turned-EMT, is in the audience and leaps to his aid. That same night, as Jeevan walks home from the theater, a terrible flu begins to spread. Fifteen years later, Kirsten is an actress with the Traveling Symphony. Together, this small troupe moves between the settlements of an altered world, performing Shakespeare and music for scattered communities of survivors.",3
9781664466845,All Systems Red,Martha Wells,Recorded Books,English,2017,158,https://covers.openlibrary.org/b/id/9157148-M.jpg,"The series is about an artificial construct designed as a Security Unit, which manages to override its governor unit, thus enabling it to develop independence. It calls itself Murderbot, and likes to watch unrealistic soap operas. As it spends more time with some caring humans, it starts developing feelings that it does not care for.",3
9780525620808,Mexican Gothic,Silvia Moreno-Garcia,Quercus,English,2020,352,https://covers.openlibrary.org/b/id/10239163-M.jpg,"An isolated mansion. A chillingly charismatic aristocrat. And a brave socialite drawn to expose their treacherous secrets. After receiving a frantic letter from her newly-wed cousin begging for someone to save her from a mysterious doom, Noemí Taboada heads to High Place, a distant house in the Mexican countryside. Noemí is also an unlikely rescuer: She's a glamorous debutante, and her chic gowns and perfect red lipstick are more suited for cocktail parties than amateur sleuthing.",4
9798433601154,The Haunting of Hill House,Shirley Jackson,Diogenes Verlag,English,1959,246,https://covers.openlibrary.org/b/id/4289014-M.jpg,"First published in 1959, Shirley Jackson's The Haunting of Hill House has been hailed as a perfect work of unnerving terror. It is the story of four seekers who arrive at a notoriously unfriendly pile called Hill House: Dr. Montague, an occult scholar looking for solid evidence of a haunting; Theodora, his lighthearted assistant; Eleanor, a friendless, fragile young woman well acquainted with poltergeists; and Luke, the future heir of Hill House.",4
9785170770861,Pet Sematary,Stephen King,BCA,English,1983,422,https://covers.openlibrary.org/b/id/12015500-M.jpg,Pet Sematary is a 1983 horror novel by American writer Stephen King. The novel was nominated for a World Fantasy Award for Best Novel in 1986,4
9789624511383,Misery,Stephen King,Huang guan chu ban she (Xianggang) yu xian gong si,English,1978,382,https://covers.openlibrary.org/b/id/8259296-M.jpg,"Novelist Paul Sheldon has plans to make the difficult transition from writing historical romances featuring heroine Misery Chastain to publishing literary fiction. Annie Wilkes, Sheldon's number one fan, rescues the author from the scene of a car accident. The former nurse takes care of him in her remote house, but becomes irate when she discovers that the author has killed Misery off in his latest book.",4
9781476717753,The troop,Nick Cutter,Simon & Schuster Audio and Blackstone Audio,English,2014,363,https://covers.openlibrary.org/b/id/10327329-M.jpg,"Once every year, Scoutmaster Tim Riggs leads a troop of boys into the Canadian wilderness for a weekend camping trip. This year, something is waiting in the darkness. An intruder stumbles upon their campsite like a wild animal. He is shockingly thin, disturbingly pale, and voraciously hungry. Within his body is a bioengineered nightmare, a horror that spreads faster than fear.",4
9780571347292,Normal People,Sally Rooney,Alberdania,English,2018,304,https://covers.openlibrary.org/b/id/8794265-M.jpg,"At school Connell and Marianne pretend not to know each other. He's popular and well-adjusted, star of the school soccer team while she is lonely, proud, and intensely private. But when Connell comes to pick his mother up from her housekeeping job at Marianne's house, a strange and indelible connection grows between the two teenagers. Throughout their years in college, Marianne and Connell circle one another, straying toward other people and possibilities but always magnetically, irresistibly drawn back together.",7
9780571334247,Conversations With Friends,Sally Rooney,Penguin Random House Grupo Editorial,English,2017,321,https://covers.openlibrary.org/b/id/8199499-M.jpg,"Frances is a coolheaded and darkly observant young woman, vaguely pursuing a career in writing while studying in Dublin. Her best friend is the beautiful and endlessly self-possessed Bobbi. At a local poetry performance one night, they meet a well-known photographer, and as the girls are then gradually drawn into her world, Frances is reluctantly impressed by the older woman's sophisticated home and handsome husband, Nick.",7
9780718186616,Anxious People,Fredrik Backman,HarperCollins Español,English,2020,352,https://covers.openlibrary.org/b/id/10087939-M.jpg,"It's New Year's Eve and House Tricks estate agents are hosting an open viewing in an up-market apartment when an incompetent bank robber rushes in and politely takes everyone hostage. For Anna-Lena and Roger, busy buying-up apartments to fill the hole in their marriage, it's something else to talk about. As the police gather outside, the anxious strangers huddled within try to make the best of a very sticky situation.",7
9780735220706,Eleanor Oliphant is Completely Fine,Gail Honeyman,Penguin Books,English,2017,352,https://covers.openlibrary.org/b/id/8415055-M.jpg,"No one's ever told Eleanor that life should be better than fine. Meet Eleanor Oliphant: She struggles with appropriate social skills and tends to say exactly what she's thinking. Nothing is missing in her carefully timetabled life of avoiding social interactions. But everything changes when Eleanor meets Raymond, the bumbling and deeply unhygienic IT guy from her office.",7
9782757889978,Where the Crawdads Sing,Delia Owens,Vintage Español,English,2018,416,https://covers.openlibrary.org/b/id/8362947-M.jpg,"For years, rumors of the Marsh Girl have haunted Barkley Cove, a quiet town on the North Carolina coast. So in late 1969, when handsome Chase Andrews is found dead, the locals immediately suspect Kya Clark, the so-called Marsh Girl. But Kya is not what they say. Sensitive and intelligent, she has survived for years alone in the marsh that she calls home, finding friends in the gulls and lessons in the sand.",7
9781250174482,The Nightingale,Kristin Hannah,Pan Books,English,2000,560,https://covers.openlibrary.org/b/id/8314147-M.jpg,"Despite their differences, sisters Vianne and Isabelle have always been close. Younger, bolder Isabelle lives in Paris while Vianne is content with life in the French countryside with her husband Antoine and their daughter. But when the Second World War strikes, Antoine is sent off to fight and Vianne finds herself isolated so Isabelle is sent by their father to help her.",7
9780606362849,All the Light We Cannot See,Anthony Doerr,Thorndike Press,English,2014,544,https://covers.openlibrary.org/b/id/14559680-M.jpg,"From the highly acclaimed, multiple award-winning Anthony Doerr, a stunningly ambitious and beautiful novel about a blind French girl and a German boy whose paths collide in occupied France as both try to survive the devastation of World War II. Marie Laure lives with her father in Paris within walking distance of the Museum of Natural History where he works as the master of the locks.",7
9780370329215,The Book Thief,Markus Zusak,cbt,English,1998,559,https://covers.openlibrary.org/b/id/8153054-M.jpg,"The extraordinary, beloved novel about the ability of books to feed the soul even in the darkest of times. When Death has a story to tell, you listen. It is 1939. Nazi Germany. The country is holding its breath. Liesel Meminger is a foster girl living outside of Munich, who scratches out a meager existence for herself by stealing when she encounters something she can't resist: books.",7
9781786691378,Pachinko,Min Jin Lee,Head of Zeus,English,2017,512,https://covers.openlibrary.org/b/id/8044605-M.jpg,"In the early 1900s, teenaged Sunja, the adored daughter of a crippled fisherman, falls for a wealthy stranger at the seashore near her home in Korea. He promises her the world, but when she discovers she is pregnant--and that her lover is married--she refuses to be bought. Instead, she accepts an offer of marriage from a gentle, sickly minister passing through on his way to Japan.",7
9780368266966,The Tattooist of Auschwitz,Heather Morris,Blurb,English,2018,304,https://covers.openlibrary.org/b/id/8572962-M.jpg,"This beautiful, illuminating tale of hope and courage is based on interviews that were conducted with Holocaust survivor and Auschwitz-Birkenau tattooist Ludwig (Lale) Sokolov. In April 1942, Lale Sokolov, a Slovakian Jew, is forcibly transported to the concentration camps at Auschwitz-Birkenau. When his captors discover he speaks several languages, he is put to work as a Tätowierer, tasked with permanently marking his fellow prisoners.",7
9781982147662,The Seven Husbands of Evelyn Hugo,Taylor Jenkins Reid,Yabanci Yayinevi,English,2017,400,https://covers.openlibrary.org/b/id/8354226-M.jpg,"Aging and reclusive Hollywood movie icon Evelyn Hugo is finally ready to tell the truth about her glamorous and scandalous life. But when she chooses unknown magazine reporter Monique Grant for the job, no one is more astounded than Monique herself. Summoned to Evelyn's luxurious apartment, Monique listens in fascination as the actress tells her story from making her way to Los Angeles in the 1950s to her decision to leave show business in the 80s.",7
9788381352079,It Starts with Us,Colleen Hoover,Colleen Hoover,English,2022,352,https://covers.openlibrary.org/b/id/12749873-M.jpg,"Lily and her ex-husband, Ryle, have just settled into a civil coparenting rhythm when she suddenly bumps into her first love, Atlas, again. After nearly two years separated, she is elated that for once, time is on their side, and she immediately says yes when Atlas asks her on a date. But her excitement is quickly hampered by the knowledge that Ryle is still very much a part of her life.",7
9781804990926,Lessons in Chemistry,Bonnie Garmus,Wahlström & Widstrand,English,2022,464,https://covers.openlibrary.org/b/id/12725772-M.jpg,"Chemist Elizabeth Zott is not your average woman. In fact, Elizabeth Zott would be the first to point out that there is no such thing as an average woman. But it's the early 1960s and her all-male team at Hastings Research Institute takes a very unscientific view of equality. When a few years later Elizabeth Zott finds herself not only a single mother, but the reluctant star of America's most beloved cooking show Supper at Six, her unusual approach to cooking proves revolutionary.",7
9789022591932,The Invisible Life of Addie LaRue,V. E. Schwab,"Pan Macmillan Australia Pty, Limited",English,2015,504,https://covers.openlibrary.org/b/id/10092261-M.jpg,"France, 1714: in a moment of desperation, a young woman makes a Faustian bargain to live forever and is cursed to be forgotten by everyone she meets. Thus begins the extraordinary life of Addie LaRue, and a dazzling adventure that will play out across centuries and continents, as a young woman learns how far she will go to leave her mark on the world.",7
9786586015317,Piranesi,Susanna Clarke,Fazi Editore,English,2020,272,https://covers.openlibrary.org/b/id/10226290-M.jpg,"Piranesi's house is no ordinary building; its rooms are infinite, its corridors endless, its walls are lined with thousands upon thousands of statues, each one different from all the others. Within the labyrinth of halls an ocean is imprisoned; waves thunder up staircases, rooms are flooded in an instant. But Piranesi is not afraid; he understands the tides as he understands the pattern of the labyrinth itself.",7
9788466362641,Cloud Cuckoo Land,Anthony Doerr,HarperCollins Publishers Limited,English,2021,656,https://covers.openlibrary.org/b/id/13253465-M.jpg,"From the Pulitzer Prize-winning author of All the Light We Cannot See comes a triumph of imagination and compassion. In the besieged city of Constantinople in 1453, in a public library in Lakeport, Idaho today, and on a spaceship bound for a distant exoplanet decades from now, an ancient text provides solace and the most profound human connection to characters in peril.",7
9781529061246,A Little Life,Hanya Yanagihara,Audible Studios on Brilliance Audio,English,2008,800,https://covers.openlibrary.org/b/id/12065783-M.jpg,"A Little Life is a 2015 novel by American novelist Hanya Yanagihara. The novel was written over the course of eighteen months. Despite the length and difficult subject matter, it became a bestseller.",7
9781433204661,Beautiful Boy,David Sheff,"Simon & Schuster, Limited",English,2007,346,https://covers.openlibrary.org/b/id/6609387-M.jpg,"What had happened to my beautiful boy? To our family? What did I do wrong? Those are the wrenching questions that haunted every moment of David Sheff's journey through his son Nic's addiction to drugs and tentative steps toward recovery. Before Nic Sheff became addicted to crystal meth, he was a charming boy, joyous and funny, a varsity athlete and honor student adored by his two younger siblings.",7
9788499185750,Wild,Cheryl Strayed|Isabel Ferrer|Carlos Milla|Anna Turró Armengol,Random House,English,1767,363,https://covers.openlibrary.org/b/id/7249596-M.jpg,"A powerful, blazingly honest memoir: the story of an eleven-hundred-mile solo hike that broke down a young woman reeling from catastrophe—and built her back up again. At twenty-two, Cheryl Strayed thought she'd lost everything when her mother died young of cancer. With nothing more to lose, she made the most impulsive decision of her life: to hike the Pacific Crest Trail from the Mojave Desert through California and Oregon to Washington State—and to do it alone.",9
9781416544661,The Glass Castle,Jeannette Walls,Scribner,English,2005,347,https://covers.openlibrary.org/b/id/11517692-M.jpg,A story about the early life of Jeannette Walls. The memoir is an exposing work about her early life and growing up on the run and often homeless. It presents a different perspective of life from all over the United States and the struggle a girl had to find normalcy as she grew into an adult.,9
9780062109385,Just Kids,Patti Smith|Patti Smith|Héloïse Esquié,Brombergs,English,2006,320,https://covers.openlibrary.org/b/id/6671097-M.jpg,"In this memoir, singer-songwriter Patti Smith shares tales of New York City: the denizens of Max's Kansas City, the Hotel Chelsea, and her new life in Brooklyn with a young man named Robert Mapplethorpe--the man who changed her life with his love, friendship, and genius.",9
9788960179486,H Is for Hawk,Helen Macdonald,Ático de los libros,English,2006,349,https://covers.openlibrary.org/b/id/917578-M.jpg,"When Helen Macdonald's father died suddenly on a London street, she was devastated. An experienced falconer, Helen had never before been tempted to train one of the most vicious predators, the goshawk, but in her grief, she saw that the goshawk's fierce and feral temperament mirrored her own. Resolving to purchase and raise the deadly creature as a means to cope with her loss, she adopted Mabel.",9
9781922253385,Between the World and Me,Ta-Nehisi Coates,Random House LCC US,English,2015,155,https://covers.openlibrary.org/b/id/11328078-M.jpg,"Between the World and Me is a 2015 nonfiction book written by American author Ta-Nehisi Coates. It is written as a letter to the author's teenage son about the feelings, symbolism, and realities associated with being Black in the United States. Coates recapitulates American history and explains to his son the racist violence that has been woven into American culture.",9
9780140442106,Letters from a Stoic,Seneca the Younger,Penguin,English,1969,254,https://covers.openlibrary.org/b/id/103759-M.jpg,"The power and wealth which Seneca the Younger acquired as Nero's minister were in conflict with his Stoic beliefs. Nevertheless he was the outstanding figure of his age. The Stoic philosophy which Seneca professed in his writings, later supported by Marcus Aurelius, provided Rome with a passable bridge to Christianity. Seneca's major contribution to Stoicism was to spiritualize and humanize a system which could appear cold and unrealistic.",15
9782290011980,The art of happiness,His Holiness Tenzin Gyatso the XIV Dalai Lama|Howard C. Cutler,Simon & Schuster Audio,English,1998,314,https://covers.openlibrary.org/b/id/6671211-M.jpg,"One of the world's greatest spiritual leaders teams up with a psychiatrist to share, for the first time, how he achieved his hard-won serenity and how readers can attain the same inner peace.",15
9780241140093,The consolations of philosophy,Alain De Botton,Blackstone Audio Inc.,English,2000,264,https://covers.openlibrary.org/b/id/418429-M.jpg,"A good introduction to philosophy and the great philosophers for young people, with a short biographical note, and an analysis of how they approached the major issues of life. Chapter headings include Unpopularity, Not Having Enough Money, Frustration, Inadequacy, Broken Heart and Difficulties. The book is well annotated and lavishly illustrated.",15
9781805222477,The Obstacle is the Way,Ryan Holiday,Diversified Publishing,English,2013,224,https://covers.openlibrary.org/b/id/14428233-M.jpg,"The Obstacle is the Way has become a cult classic, beloved by men and women around the world who apply its wisdom to become more successful at whatever they do. The book draws its inspiration from stoicism, the ancient Greek philosophy of enduring pain or adversity with perseverance and resilience. Ryan Holiday shows us how some of the most successful people in history have applied stoicism to overcome difficult or even impossible situations.",15
9781591847816,Ego is the Enemy,Ryan Holiday,Ediciones Culturales Paidós,English,2016,238,https://covers.openlibrary.org/b/id/12447129-M.jpg,"Many of us insist the main impediment to a full, successful life is the outside world. In fact, the most common enemy lies within: our ego. Early in our careers, it impedes learning and the cultivation of talent. With success, it can blind us to our faults and sow future problems. In failure, it magnifies each blow and makes recovery more difficult. At every stage, ego holds us back.",15
9781788174107,High 5 Habit,Mel Robbins,"Hay House, Incorporated",English,2021,264,https://covers.openlibrary.org/b/id/12020347-M.jpg,"Don't let the title fool you. This isn't a book about high fiving everyone else in your life. You're already doing that. In this book, Mel teaches you how to start high fiving the most important person in your life, the one who is staring back at you in the mirror: YOURSELF. Using her signature science-backed wisdom and deeply personal stories, Mel will teach you how to make believing in yourself a habit.",11
9780060912093,Effective Executive,Peter F. Drucker|Joseph A. Maciariello|Jim Collins|Tim Andres Pabon|Zachary First,Vahlen GmbH,English,1967,178,https://covers.openlibrary.org/b/id/4941284-M.jpg,"The measure of the executive, Peter Drucker reminds us, is the ability to get the right things done. This usually involves doing what other people have overlooked as well as avoiding what is unproductive. Intelligence, imagination, and knowledge may all be wasted in an executive job without the acquired habits of mind that mold them into results.",12
9781416591054,Empire of the summer moon,S. C. Gwynne,Constable,English,2010,386,https://covers.openlibrary.org/b/id/6581373-M.jpg,"Describes the actions of both whites and Comanches during a 40-year war over territory, in a story that begins with the kidnapping of a white girl, who grew up to marry a Comanche chief and have a son, Quanah, who became a great warrior.",14
9780062791450,The Woman in the Window: A Novel,A. J. Finn,HARPER COLLINS,English,2017,456,https://covers.openlibrary.org/b/id/8315362-M.jpg,"Anna Fox spends her day drinking wine, watching old movies, and spying on her neighbors. But when she sees something she shouldn't, Anna's world begins to crumble.",6
9781094156439,Guest List,Lucy Foley|Victoria Horrillo Ledesma,HarperCollins Publishers Limited,English,2020,336,https://covers.openlibrary.org/b/id/10096112-M.jpg,"On an island off the coast of Ireland, guests gather to celebrate two people joining their lives together as one. The groom: handsome and charming, a rising television star. The bride: smart and ambitious, a magazine publisher. But perfection is for plans, and people are all too human. As the champagne is popped and the festivities begin, resentments and petty jealousies begin to mingle with the reminiscences and well wishes. And then someone turns up dead.",6
9781787462144,Daisy Jones & The Six,Taylor Jenkins Reid,Blackie Books S.L.U.,English,2019,400,https://covers.openlibrary.org/b/id/8742674-M.jpg,"Everyone knows Daisy Jones & The Six, but nobody knows the real reason why they split at the absolute height of their popularity. Daisy is a girl coming of age in L.A. in the late sixties, sneaking into clubs on the Sunset Strip, sleeping with rock stars, and dreaming of singing at the Whisky a Go-Go. The sex and drugs are thrilling, but it's the rock and roll she loves most.",7
9780670089345,Das geheime Leben der Bäume,Peter Wohlleben,Obelisco,English,2015,264,https://covers.openlibrary.org/b/id/8064205-M.jpg,"A visually stunning journey into the diversity and wonders of forests. In his international bestseller The Hidden Life of Trees, Peter Wohlleben opened readers' eyes to the amazing processes at work in forests every day. With compelling selections from the original book and stunning large-format photographs of trees from around the world, this gorgeous volume distills the essence of Wohlleben's message to show trees in all their glory and diversity.",13
9781484428627,The Final Empire,Brandon Sanderson,Tor Publishing Group,English,2001,669,https://covers.openlibrary.org/b/id/14658160-M.jpg,"For a thousand years ashes have fallen from the sky. For a thousand years nothing has flourished. For a thousand years the skaa have been enslaved and live in misery, mired in inevitable fear. For a thousand years the Lord Ruler has reigned with absolute power, ruling thanks to terror, his powers and his immortality.",2
9788490624890,En man som heter Ove,Fredrik Backman,"Thorndike Press, A part of Gale, Cengage Learning",English,2012,346,https://covers.openlibrary.org/b/id/7437001-M.jpg,"A grumpy yet loveable man finds his solitary world turned on its head when a boisterous young family moves in next door. Meet Ove. He's a curmudgeon, the kind of man who points at people he dislikes as if they were burglars caught outside his bedroom window. He has staunch principles, strict routines, and a short fuse. But behind the cranky exterior there is a story and a sadness.",7
9788466353472,The 5 AM Club,Robin Sharma,HarperCollins,English,2018,368,,"A guide to transforming your life by starting each day early, using the quiet morning hours for personal growth, focus, and habits that boost productivity, health, and inner peace.",11
9781932649260,The ONE Thing,Gary Keller|Jay Papasan,Bard Press,English,2013,240,,"In The ONE Thing, Gary Keller and Jay Papasan present the surprisingly simple truth behind extraordinary results. Using research and real-life examples, they demonstrate how people who achieve great success don't focus on doing more things—they focus on doing fewer things but doing them better.",11
9780446691437,The War of Art,Steven Pressfield,Grand Central Publishing,English,2002,165,,"Steven Pressfield's The War of Art identifies the force that stands between you and the life you were meant to live: Resistance. This book is a guide for anyone who has ever experienced creative blocks or procrastination, revealing how to overcome the forces that hold back creative expression.",11
9780241341032,Everything Is Figureoutable,Marie Forleo,Portfolio,English,2019,272,,"Marie Forleo's Everything Is Figureoutable is rooted in the belief that no matter what challenges you face, you can figure out how to solve them. Drawing from personal experiences and interviews with world-class performers, Forleo provides strategies and mindset shifts to tackle any obstacle.",11
9780062273208,The Hard Thing About Hard Things,Ben Horowitz,HarperBusiness,English,2014,304,,"Ben Horowitz draws on his years of experience as a cofounder and CEO of Opsware to offer essential business advice for entrepreneurs, managers, and executives who face the unique challenges of building and running a startup. Unlike most business books, this one offers no simple formulas or timeless rules. Instead, Horowitz tells it straight.",12
9780525540830,This Is Marketing,Seth Godin,Portfolio,English,2018,256,,"Seth Godin argues that marketing is not about the stuff you make but the stories you tell and the changes you make happen. In This Is Marketing, he reveals that the most successful marketers don't use consumers to solve their company's problem; they use marketing to solve other people's problems.",12
9781982181284,Elon Musk,Walter Isaacson,Simon & Schuster,English,2023,615,,"In his definitive biography of Elon Musk, Walter Isaacson draws on three years of exclusive access to Musk, his family, friends, colleagues, and adversaries to provide a riveting story of one of our most consequential and controversial innovators. Spanning Musk's childhood in South Africa, his companies including Tesla, SpaceX, Twitter, and Neuralink.",10
9780008274948,The Splendid and the Vile,Erik Larson,Crown,English,2020,585,,"Erik Larson's The Splendid and the Vile tells the story of Winston Churchill and the people around him during his first year as prime minister of Britain, when he rallied his nation against Hitler's seemingly relentless war machine. Drawing from diaries, letters, and official documents, Larson paints an indelible portrait of Churchill at his most dramatic.",14
